Year,States,Total,Compensatory,special education,Child nutrition,Vocational,others,,,,,,,
1994,United States,15642864.00 ,6319567.00 ,1907210.00 ,4842633.00 ,595031.00 ,1978423.00 ,,,,,,,
1994,Alabama,319876.00 ,126596.00 ,40808.00 ,108867.00 ,10959.00 ,32646.00 ,,,,,,,
1994,Alaska,40979.00 ,9800.00 ,5232.00 ,13136.00 ,2512.00 ,10299.00 ,,,,,,,
1994,Arizona,265785.00 ,96126.00 ,24657.00 ,84720.00 ,11634.00 ,48648.00 ,,,,,,,
1994,Arkansas,175451.00 ,72783.00 ,19304.00 ,67423.00 ,5794.00 ,10147.00 ,,,,,,,
1994,California,1827370.00 ,734626.00 ,249778.00 ,653485.00 ,57142.00 ,132339.00 ,,,,,,,
1994,Colorado,153972.00 ,62894.00 ,24475.00 ,49949.00 ,4929.00 ,11725.00 ,,,,,,,
1994,Connecticut,133999.00 ,53540.00 ,23265.00 ,37361.00 ,5965.00 ,13868.00 ,,,,,,,
1994,Delaware,43456.00 ,14684.00 ,5358.00 ,10749.00 ,3352.00 ,9313.00 ,,,,,,,
1994,District of Columbia,59974.00 ,25694.00 ,4578.00 ,20780.00 ,4604.00 ,4318.00 ,,,,,,,
1994,Florida,822033.00 ,290915.00 ,106138.00 ,294270.00 ,31102.00 ,99608.00 ,,,,,,,
1994,Georgia,422279.00 ,161987.00 ,49479.00 ,172853.00 ,12954.00 ,25006.00 ,,,,,,,
1994,Hawaii,50798.00 ,17902.00 ,5334.00 ,20270.00 ,1934.00 ,5358.00 ,,,,,,,
1994,Idaho,69731.00 ,22860.00 ,9133.00 ,22416.00 ,2245.00 ,13077.00 ,,,,,,,
1994,Illinois,592639.00 ,294213.00 ,38026.00 ,181888.00 ,10038.00 ,68474.00 ,,,,,,,
1994,Indiana,279734.00 ,103876.00 ,55942.00 ,68191.00 ,15369.00 ,36356.00 ,,,,,,,
1994,Iowa,133146.00 ,47468.00 ,25244.00 ,40712.00 ,5550.00 ,14172.00 ,,,,,,,
1994,Kansas,123612.00 ,44158.00 ,14901.00 ,52427.00 ,2829.00 ,9297.00 ,,,,,,,
1994,Kentucky,316728.00 ,111275.00 ,34721.00 ,95118.00 ,13952.00 ,61662.00 ,,,,,,,
1994,Louisiana,405290.00 ,168211.00 ,34075.00 ,153459.00 ,13519.00 ,36026.00 ,,,,,,,
1994,Maine,63075.00 ,27993.00 ,8525.00 ,17956.00 ,2228.00 ,6373.00 ,,,,,,,
1994,Maryland,237584.00 ,90027.00 ,39462.00 ,67781.00 ,8486.00 ,31828.00 ,,,,,,,
1994,Massachusetts,306293.00 ,132618.00 ,59331.00 ,60313.00 ,12565.00 ,41466.00 ,,,,,,,
1994,Michigan,618807.00 ,266301.00 ,63101.00 ,114201.00 ,21608.00 ,153596.00 ,,,,,,,
1994,Minnesota,208814.00 ,75076.00 ,39161.00 ,61743.00 ,174.00 ,32660.00 ,,,,,,,
1994,Mississippi,279575.00 ,120921.00 ,26918.00 ,106168.00 ,5699.00 ,19869.00 ,,,,,,,
1994,Missouri,285502.00 ,101702.00 ,42380.00 ,88703.00 ,12410.00 ,40307.00 ,,,,,,,
1994,Montana,53192.00 ,21790.00 ,8039.00 ,13513.00 ,2636.00 ,7214.00 ,,,,,,,
1994,Nebraska,77558.00 ,29810.00 ,9312.00 ,23653.00 ,2503.00 ,12280.00 ,,,,,,,
1994,Nevada,52325.00 ,14911.00 ,9814.00 ,17419.00 ,2986.00 ,7195.00 ,,,,,,,
1994,New Hampshire,34180.00 ,10780.00 ,5347.00 ,8712.00 ,3647.00 ,5694.00 ,,,,,,,
1994,New Jersey,399954.00 ,168413.00 ,78983.00 ,109204.00 ,12258.00 ,31096.00 ,,,,,,,
1994,New Mexico,117529.00 ,54028.00 ,17124.00 ,38897.00 ,949.00 ,6531.00 ,,,,,,,
1994,New York,1419460.00 ,709624.00 ,71745.00 ,312185.00 ,21163.00 ,304743.00 ,,,,,,,
1994,North Carolina,413485.00 ,144466.00 ,62375.00 ,162667.00 ,20401.00 ,23576.00 ,,,,,,,
1994,North Dakota,45143.00 ,15327.00 ,6601.00 ,8962.00 ,2768.00 ,11485.00 ,,,,,,,
1994,Ohio,537642.00 ,246677.00 ,74055.00 ,142398.00 ,33583.00 ,40929.00 ,,,,,,,
1994,Oklahoma,205363.00 ,74704.00 ,28833.00 ,77939.00 ,11896.00 ,11991.00 ,,,,,,,
1994,Oregon,204789.00 ,68437.00 ,19049.00 ,49452.00 ,7499.00 ,60352.00 ,,,,,,,
1994,Pennsylvania,656210.00 ,289065.00 ,72605.00 ,162049.00 ,29871.00 ,102620.00 ,,,,,,,
1994,Rhode Island,41622.00 ,20742.00 ,6905.00 ,2132.00 ,3206.00 ,8637.00 ,,,,,,,
1994,South Carolina,277259.00 ,88500.00 ,37195.00 ,97393.00 ,13715.00 ,40456.00 ,,,,,,,
1994,South Dakota,43799.00 ,18362.00 ,6962.00 ,11810.00 ,1669.00 ,4996.00 ,,,,,,,
1994,Tennessee,321882.00 ,120055.00 ,44268.00 ,109074.00 ,16205.00 ,32280.00 ,,,,,,,
1994,Texas,1369419.00 ,534616.00 ,129410.00 ,506493.00 ,82252.00 ,116648.00 ,,,,,,,
1994,Utah,115410.00 ,26569.00 ,19092.00 ,42975.00 ,4573.00 ,22201.00 ,,,,,,,
1994,Vermont,33018.00 ,14980.00 ,3447.00 ,6508.00 ,3064.00 ,5019.00 ,,,,,,,
1994,Virginia,331233.00 ,113301.00 ,52254.00 ,94230.00 ,16571.00 ,54877.00 ,,,,,,,
1994,Washington,251890.00 ,91942.00 ,37395.00 ,74797.00 ,6186.00 ,41570.00 ,,,,,,,
1994,West Virginia,142339.00 ,57294.00 ,16276.00 ,39942.00 ,5592.00 ,23235.00 ,,,,,,,
1994,Wisconsin,230767.00 ,101429.00 ,37329.00 ,57789.00 ,7506.00 ,26714.00 ,,,,,,,
1994,Wyoming,30894.00 ,9499.00 ,3469.00 ,7501.00 ,2779.00 ,7646.00 ,,,,,,,
1995,United States,16458630.00 ,6379615.00 ,2077972.00 ,5025193.00 ,601735.00 ,2374115.00 ,,,,,,,
1995,Alabama,316839.00 ,122544.00 ,41602.00 ,111643.00 ,10797.00 ,30253.00 ,,,,,,,
1995,Alaska,41550.00 ,13134.00 ,4618.00 ,14427.00 ,2496.00 ,6875.00 ,,,,,,,
1995,Arizona,286336.00 ,102263.00 ,26606.00 ,90753.00 ,11925.00 ,54789.00 ,,,,,,,
1995,Arkansas,192870.00 ,75722.00 ,18537.00 ,68775.00 ,6550.00 ,23286.00 ,,,,,,,
1995,California,2380502.00 ,773163.00 ,289372.00 ,703658.00 ,57847.00 ,556462.00 ,,,,,,,
1995,Colorado,180141.00 ,65079.00 ,28889.00 ,48363.00 ,5354.00 ,32456.00 ,,,,,,,
1995,Connecticut,137629.00 ,50926.00 ,24943.00 ,41577.00 ,5852.00 ,14331.00 ,,,,,,,
1995,Delaware,44054.00 ,14661.00 ,5017.00 ,10980.00 ,3599.00 ,9797.00 ,,,,,,,
1995,District of Columbia,56891.00 ,21466.00 ,981.00 ,20295.00 ,4231.00 ,9918.00 ,,,,,,,
1995,Florida,863143.00 ,306100.00 ,116607.00 ,311785.00 ,30459.00 ,98192.00 ,,,,,,,
1995,Georgia,435754.00 ,156359.00 ,53255.00 ,188208.00 ,14396.00 ,23536.00 ,,,,,,,
1995,Hawaii,56829.00 ,18444.00 ,5905.00 ,18661.00 ,2350.00 ,11469.00 ,,,,,,,
1995,Idaho,72310.00 ,24463.00 ,9992.00 ,21975.00 ,2163.00 ,13717.00 ,,,,,,,
1995,Illinois,652668.00 ,303308.00 ,47216.00 ,192698.00 ,12087.00 ,97359.00 ,,,,,,,
1995,Indiana,285634.00 ,99964.00 ,56579.00 ,76917.00 ,15672.00 ,36502.00 ,,,,,,,
1995,Iowa,134201.00 ,48317.00 ,24709.00 ,42689.00 ,6022.00 ,12464.00 ,,,,,,,
1995,Kansas,127491.00 ,45582.00 ,14794.00 ,52983.00 ,3678.00 ,10454.00 ,,,,,,,
1995,Kentucky,290293.00 ,115593.00 ,34545.00 ,101838.00 ,6255.00 ,32062.00 ,,,,,,,
1995,Louisiana,416044.00 ,179831.00 ,34988.00 ,157834.00 ,9613.00 ,33778.00 ,,,,,,,
1995,Maine,64578.00 ,26930.00 ,8852.00 ,19011.00 ,2101.00 ,7684.00 ,,,,,,,
1995,Maryland,234919.00 ,85610.00 ,44419.00 ,73634.00 ,8038.00 ,23218.00 ,,,,,,,
1995,Massachusetts,293208.00 ,113363.00 ,57035.00 ,61065.00 ,10413.00 ,51332.00 ,,,,,,,
1995,Michigan,566368.00 ,274887.00 ,85619.00 ,94388.00 ,28359.00 ,83115.00 ,,,,,,,
1995,Minnesota,219810.00 ,77948.00 ,42986.00 ,65337.00 ,271.00 ,33268.00 ,,,,,,,
1995,Mississippi,295973.00 ,122635.00 ,27831.00 ,109920.00 ,5253.00 ,30334.00 ,,,,,,,
1995,Missouri,303572.00 ,107040.00 ,43877.00 ,94080.00 ,11624.00 ,46951.00 ,,,,,,,
1995,Montana,56974.00 ,24528.00 ,8562.00 ,14029.00 ,2732.00 ,7123.00 ,,,,,,,
1995,Nebraska,80804.00 ,32826.00 ,7396.00 ,24757.00 ,2569.00 ,13256.00 ,,,,,,,
1995,Nevada,58967.00 ,18432.00 ,9954.00 ,19565.00 ,2851.00 ,8165.00 ,,,,,,,
1995,New Hampshire,32295.00 ,10354.00 ,5033.00 ,9242.00 ,3332.00 ,4334.00 ,,,,,,,
1995,New Jersey,385482.00 ,144217.00 ,80168.00 ,93961.00 ,14568.00 ,52568.00 ,,,,,,,
1995,New Mexico,132195.00 ,56779.00 ,15422.00 ,40857.00 ,540.00 ,18597.00 ,,,,,,,
1995,New York,1350628.00 ,638233.00 ,106122.00 ,298580.00 ,22334.00 ,285359.00 ,,,,,,,
1995,North Carolina,404692.00 ,132775.00 ,62072.00 ,171357.00 ,18833.00 ,19655.00 ,,,,,,,
1995,North Dakota,47222.00 ,16566.00 ,6856.00 ,9168.00 ,2806.00 ,11826.00 ,,,,,,,
1995,Ohio,588100.00 ,273918.00 ,86772.00 ,153737.00 ,33419.00 ,40254.00 ,,,,,,,
1995,Oklahoma,231686.00 ,78596.00 ,29497.00 ,80321.00 ,23720.00 ,19552.00 ,,,,,,,
1995,Oregon,216217.00 ,73299.00 ,20842.00 ,50795.00 ,7941.00 ,63340.00 ,,,,,,,
1995,Pennsylvania,677113.00 ,289866.00 ,74849.00 ,172325.00 ,30601.00 ,109472.00 ,,,,,,,
1995,Rhode Island,47772.00 ,19949.00 ,7347.00 ,11292.00 ,3193.00 ,5991.00 ,,,,,,,
1995,South Carolina,280773.00 ,88846.00 ,38885.00 ,101813.00 ,16046.00 ,35183.00 ,,,,,,,
1995,South Dakota,42503.00 ,18610.00 ,4796.00 ,12065.00 ,651.00 ,6381.00 ,,,,,,,
1995,Tennessee,316476.00 ,115653.00 ,47294.00 ,108553.00 ,14414.00 ,30562.00 ,,,,,,,
1995,Texas,1408348.00 ,575692.00 ,137574.00 ,510748.00 ,78759.00 ,105575.00 ,,,,,,,
1995,Utah,121227.00 ,30137.00 ,18953.00 ,44100.00 ,4862.00 ,23175.00 ,,,,,,,
1995,Vermont,31382.00 ,13255.00 ,3881.00 ,7018.00 ,2962.00 ,4266.00 ,,,,,,,
1995,Virginia,304069.00 ,100524.00 ,56153.00 ,104515.00 ,16027.00 ,26850.00 ,,,,,,,
1995,Washington,267309.00 ,99125.00 ,38628.00 ,79744.00 ,7246.00 ,42566.00 ,,,,,,,
1995,West Virginia,150464.00 ,60151.00 ,16664.00 ,44525.00 ,5740.00 ,23384.00 ,,,,,,,
1995,Wisconsin,242030.00 ,109182.00 ,40533.00 ,60657.00 ,5747.00 ,25911.00 ,,,,,,,
1995,Wyoming,34295.00 ,12770.00 ,3945.00 ,7975.00 ,2437.00 ,7168.00 ,,,,,,,
1996,United States,17038580.00 ,6307199.00 ,2255219.00 ,5228761.00 ,531421.00 ,2715980.00 ,,,,,,,
1996,Alabama,321992.00 ,122571.00 ,43498.00 ,112483.00 ,10282.00 ,33158.00 ,,,,,,,
1996,Alaska,46848.00 ,14563.00 ,6849.00 ,15390.00 ,3044.00 ,7002.00 ,,,,,,,
1996,Arizona,283310.00 ,103266.00 ,30085.00 ,96336.00 ,12265.00 ,41358.00 ,,,,,,,
1996,Arkansas,188710.00 ,73587.00 ,18617.00 ,68715.00 ,6927.00 ,20864.00 ,,,,,,,
1996,California,2362386.00 ,781082.00 ,295024.00 ,749220.00 ,57016.00 ,480044.00 ,,,,,,,
1996,Colorado,172407.00 ,60278.00 ,25756.00 ,52014.00 ,6485.00 ,27874.00 ,,,,,,,
1996,Connecticut,147586.00 ,49865.00 ,31979.00 ,42050.00 ,6220.00 ,17472.00 ,,,,,,,
1996,Delaware,41059.00 ,15817.00 ,6038.00 ,11591.00 ,2947.00 ,4666.00 ,,,,,,,
1996,District of Columbia,51342.00 ,20539.00 ,3311.00 ,18787.00 ,4215.00 ,4490.00 ,,,,,,,
1996,Florida,859712.00 ,284760.00 ,117902.00 ,328785.00 ,27477.00 ,100788.00 ,,,,,,,
1996,Georgia,492050.00 ,167932.00 ,56339.00 ,194185.00 ,13781.00 ,59813.00 ,,,,,,,
1996,Hawaii,71893.00 ,19751.00 ,7135.00 ,23912.00 ,3572.00 ,17523.00 ,,,,,,,
1996,Idaho,71196.00 ,25326.00 ,9052.00 ,23918.00 ,2452.00 ,10448.00 ,,,,,,,
1996,Illinois,689736.00 ,317025.00 ,54535.00 ,195520.00 ,11129.00 ,111527.00 ,,,,,,,
1996,Indiana,299939.00 ,91912.00 ,59613.00 ,82876.00 ,14073.00 ,51465.00 ,,,,,,,
1996,Iowa,139242.00 ,51017.00 ,22562.00 ,43498.00 ,8802.00 ,13363.00 ,,,,,,,
1996,Kansas,129135.00 ,50778.00 ,11489.00 ,55027.00 ,3554.00 ,8287.00 ,,,,,,,
1996,Kentucky,287605.00 ,124240.00 ,35801.00 ,100516.00 ,6346.00 ,20702.00 ,,,,,,,
1996,Louisiana,434763.00 ,189409.00 ,38118.00 ,159333.00 ,10269.00 ,37634.00 ,,,,,,,
1996,Maine,72571.00 ,26092.00 ,17718.00 ,19355.00 ,2057.00 ,7349.00 ,,,,,,,
1996,Maryland,237233.00 ,84492.00 ,45090.00 ,76083.00 ,8185.00 ,23383.00 ,,,,,,,
1996,Massachusetts,284045.00 ,121415.00 ,59330.00 ,65064.00 ,10804.00 ,27432.00 ,,,,,,,
1996,Michigan,599238.00 ,287884.00 ,99944.00 ,91462.00 ,17369.00 ,102579.00 ,,,,,,,
1996,Minnesota,225720.00 ,82697.00 ,44480.00 ,66775.00 ,64.00 ,31704.00 ,,,,,,,
1996,Mississippi,279800.00 ,116898.00 ,27874.00 ,111783.00 ,4876.00 ,18369.00 ,,,,,,,
1996,Missouri,311350.00 ,106643.00 ,47599.00 ,97228.00 ,11856.00 ,48024.00 ,,,,,,,
1996,Montana,58692.00 ,25588.00 ,8515.00 ,14472.00 ,2673.00 ,7444.00 ,,,,,,,
1996,Nebraska,86746.00 ,27289.00 ,17049.00 ,25553.00 ,2759.00 ,14096.00 ,,,,,,,
1996,Nevada,60290.00 ,17431.00 ,11313.00 ,21080.00 ,2908.00 ,7558.00 ,,,,,,,
1996,New Hampshire,35802.00 ,11285.00 ,5297.00 ,9837.00 ,3227.00 ,6156.00 ,,,,,,,
1996,New Jersey,389365.00 ,140919.00 ,80987.00 ,97755.00 ,11701.00 ,58003.00 ,,,,,,,
1996,New Mexico,138377.00 ,58777.00 ,17469.00 ,47793.00 ,379.00 ,13959.00 ,,,,,,,
1996,New York,1474470.00 ,519125.00 ,171927.00 ,315843.00 ,15740.00 ,451835.00 ,,,,,,,
1996,North Carolina,407445.00 ,126637.00 ,62209.00 ,178443.00 ,18040.00 ,22116.00 ,,,,,,,
1996,North Dakota,46020.00 ,16918.00 ,4798.00 ,9262.00 ,2698.00 ,12344.00 ,,,,,,,
1996,Ohio,704629.00 ,295812.00 ,93252.00 ,153659.00 ,33556.00 ,128350.00 ,,,,,,,
1996,Oklahoma,234528.00 ,86305.00 ,28257.00 ,82234.00 ,21241.00 ,16491.00 ,,,,,,,
1996,Oregon,185033.00 ,78767.00 ,20671.00 ,48538.00 ,8392.00 ,28665.00 ,,,,,,,
1996,Pennsylvania,721469.00 ,294300.00 ,100676.00 ,182056.00 ,29194.00 ,115243.00 ,,,,,,,
1996,Rhode Island,51985.00 ,20890.00 ,8962.00 ,13557.00 ,3578.00 ,4998.00 ,,,,,,,
1996,South Carolina,277090.00 ,88314.00 ,39535.00 ,103609.00 ,13451.00 ,32181.00 ,,,,,,,
1996,South Dakota,42935.00 ,18710.00 ,4998.00 ,11976.00 ,619.00 ,6632.00 ,,,,,,,
1996,Tennessee,325600.00 ,114082.00 ,55816.00 ,109976.00 ,15756.00 ,29970.00 ,,,,,,,
1996,Texas,1519814.00 ,540677.00 ,119064.00 ,542702.00 ,35071.00 ,282300.00 ,,,,,,,
1996,Utah,123541.00 ,31166.00 ,19566.00 ,44269.00 ,4875.00 ,23665.00 ,,,,,,,
1996,Vermont,36128.00 ,13688.00 ,4223.00 ,8129.00 ,2846.00 ,7242.00 ,,,,,,,
1996,Virginia,297899.00 ,94854.00 ,57416.00 ,107738.00 ,15149.00 ,22742.00 ,,,,,,,
1996,Washington,280281.00 ,104454.00 ,45674.00 ,85858.00 ,6584.00 ,37711.00 ,,,,,,,
1996,West Virginia,152800.00 ,64200.00 ,16554.00 ,42206.00 ,6834.00 ,23006.00 ,,,,,,,
1996,Wisconsin,251798.00 ,112934.00 ,41412.00 ,62156.00 ,5860.00 ,29436.00 ,,,,,,,
1996,Wyoming,34975.00 ,14238.00 ,3841.00 ,8154.00 ,2223.00 ,6519.00 ,,,,,,,
1998,United States,19753098.00 ,6995042.00 ,2789594.00 ,5961077.00 ,579670.00 ,3427715.00 ,,,,,,,
1998,Alabama,351908.00 ,131295.00 ,47147.00 ,121874.00 ,7146.00 ,44446.00 ,,,,,,,
1998,Alaska,71433.00 ,23056.00 ,8798.00 ,17567.00 ,2953.00 ,19059.00 ,,,,,,,
1998,Arizona,346249.00 ,148231.00 ,35838.00 ,109105.00 ,14024.00 ,39051.00 ,,,,,,,
1998,Arkansas,216153.00 ,76200.00 ,23227.00 ,72467.00 ,10234.00 ,34025.00 ,,,,,,,
1998,California,2868520.00 ,856182.00 ,386481.00 ,849223.00 ,57863.00 ,718771.00 ,,,,,,,
1998,Colorado,199314.00 ,69614.00 ,33521.00 ,55751.00 ,4103.00 ,36325.00 ,,,,,,,
1998,Connecticut,174170.00 ,66661.00 ,32832.00 ,48366.00 ,6827.00 ,19484.00 ,,,,,,,
1998,Delaware,51863.00 ,16805.00 ,7237.00 ,13618.00 ,3184.00 ,11019.00 ,,,,,,,
1998,District of Columbia,105413.00 ,24058.00 ,3513.00 ,22621.00 ,3701.00 ,51520.00 ,,,,,,,
1998,Florida,1028134.00 ,339842.00 ,141080.00 ,364256.00 ,30528.00 ,152428.00 ,,,,,,,
1998,Georgia,575867.00 ,192776.00 ,77547.00 ,229346.00 ,14561.00 ,61637.00 ,,,,,,,
1998,Hawaii,81617.00 ,20255.00 ,8265.00 ,29347.00 ,5127.00 ,18623.00 ,,,,,,,
1998,Idaho,80299.00 ,24749.00 ,10761.00 ,25200.00 ,3374.00 ,16215.00 ,,,,,,,
1998,Illinois,926053.00 ,320382.00 ,115972.00 ,232288.00 ,21537.00 ,235874.00 ,,,,,,,
1998,Indiana,335902.00 ,111791.00 ,77487.00 ,85312.00 ,15954.00 ,45358.00 ,,,,,,,
1998,Iowa,159266.00 ,52474.00 ,33232.00 ,46528.00 ,7907.00 ,19125.00 ,,,,,,,
1998,Kansas,173374.00 ,45833.00 ,19917.00 ,57046.00 ,3625.00 ,46953.00 ,,,,,,,
1998,Kentucky,343275.00 ,130912.00 ,44709.00 ,113527.00 ,6710.00 ,47417.00 ,,,,,,,
1998,Louisiana,460610.00 ,191480.00 ,45398.00 ,167625.00 ,10658.00 ,45449.00 ,,,,,,,
1998,Maine,78245.00 ,29074.00 ,23275.00 ,17278.00 ,2013.00 ,6605.00 ,,,,,,,
1998,Maryland,289520.00 ,96315.00 ,53666.00 ,87161.00 ,8133.00 ,44245.00 ,,,,,,,
1998,Massachusetts,345429.00 ,143026.00 ,74672.00 ,95858.00 ,3434.00 ,28439.00 ,,,,,,,
1998,Michigan,828011.00 ,316139.00 ,126586.00 ,142634.00 ,27272.00 ,215380.00 ,,,,,,,
1998,Minnesota,295969.00 ,85652.00 ,56016.00 ,76106.00 ,2043.00 ,76152.00 ,,,,,,,
1998,Mississippi,310352.00 ,126497.00 ,32057.00 ,120482.00 ,5199.00 ,26117.00 ,,,,,,,
1998,Missouri,371769.00 ,121315.00 ,55953.00 ,109998.00 ,11930.00 ,72573.00 ,,,,,,,
1998,Montana,61604.00 ,26809.00 ,9351.00 ,15446.00 ,2649.00 ,7349.00 ,,,,,,,
1998,Nebraska,107432.00 ,32507.00 ,22334.00 ,28777.00 ,2816.00 ,20998.00 ,,,,,,,
1998,Nevada,78308.00 ,21376.00 ,13599.00 ,25817.00 ,4052.00 ,13464.00 ,,,,,,,
1998,New Hampshire,46638.00 ,13152.00 ,8494.00 ,10468.00 ,5171.00 ,9353.00 ,,,,,,,
1998,New Jersey,460096.00 ,151296.00 ,94584.00 ,122110.00 ,16460.00 ,75646.00 ,,,,,,,
1998,New Mexico,152025.00 ,64673.00 ,20788.00 ,51950.00 ,259.00 ,14355.00 ,,,,,,,
1998,New York,1466058.00 ,663998.00 ,155019.00 ,368040.00 ,19616.00 ,259385.00 ,,,,,,,
1998,North Carolina,477632.00 ,139698.00 ,79742.00 ,201236.00 ,17464.00 ,39492.00 ,,,,,,,
1998,North Dakota,54558.00 ,18225.00 ,5808.00 ,9987.00 ,2637.00 ,17901.00 ,,,,,,,
1998,Ohio,703243.00 ,292453.00 ,91637.00 ,161015.00 ,35160.00 ,122978.00 ,,,,,,,
1998,Oklahoma,270447.00 ,85224.00 ,35344.00 ,89892.00 ,27718.00 ,32269.00 ,,,,,,,
1998,Oregon,170154.00 ,72268.00 ,24475.00 ,55265.00 ,6683.00 ,11463.00 ,,,,,,,
1998,Pennsylvania,812722.00 ,317849.00 ,119592.00 ,197964.00 ,31854.00 ,145463.00 ,,,,,,,
1998,Rhode Island,63996.00 ,21752.00 ,8567.00 ,15935.00 ,3592.00 ,14150.00 ,,,,,,,
1998,South Carolina,323797.00 ,94459.00 ,46779.00 ,115492.00 ,13900.00 ,53167.00 ,,,,,,,
1998,South Dakota,51093.00 ,18744.00 ,7850.00 ,12979.00 ,612.00 ,10908.00 ,,,,,,,
1998,Tennessee,389597.00 ,120664.00 ,77630.00 ,126229.00 ,15528.00 ,49546.00 ,,,,,,,
1998,Texas,1614992.00 ,586969.00 ,160797.00 ,651805.00 ,33700.00 ,181721.00 ,,,,,,,
1998,Utah,144591.00 ,28556.00 ,25501.00 ,47885.00 ,7206.00 ,35443.00 ,,,,,,,
1998,Vermont,43453.00 ,15834.00 ,5269.00 ,8215.00 ,2503.00 ,11632.00 ,,,,,,,
1998,Virginia,325946.00 ,107328.00 ,69131.00 ,109673.00 ,15943.00 ,23871.00 ,,,,,,,
1998,Washington,338983.00 ,120468.00 ,55508.00 ,94225.00 ,7020.00 ,61762.00 ,,,,,,,
1998,West Virginia,196298.00 ,76724.00 ,22457.00 ,53662.00 ,8409.00 ,35046.00 ,,,,,,,
1998,Wisconsin,290863.00 ,127368.00 ,50090.00 ,68025.00 ,6340.00 ,39040.00 ,,,,,,,
1998,Wyoming,39857.00 ,16034.00 ,4061.00 ,8401.00 ,2338.00 ,9023.00 ,,,,,,,
1999,United States,21853133.00 ,5240668.00 ,2999213.00 ,6202061.00 ,547802.00 ,6863389.00 ,,,,,,,
1999,Alabama,372263.00 ,130803.00 ,52681.00 ,129969.00 ,7998.00 ,50812.00 ,,,,,,,
1999,Alaska,76554.00 ,23944.00 ,9886.00 ,18731.00 ,2498.00 ,21495.00 ,,,,,,,
1999,Arizona,350008.00 ,115407.00 ,46122.00 ,107107.00 ,13558.00 ,67814.00 ,,,,,,,
1999,Arkansas,219370.00 ,77054.00 ,25283.00 ,71936.00 ,8059.00 ,37038.00 ,,,,,,,
1999,California,3306901.00 ,0.00 ,464314.00 ,902830.00 ,57870.00 ,1881887.00 ,,,,,,,
1999,Colorado,203225.00 ,74675.00 ,40813.00 ,56843.00 ,5207.00 ,25687.00 ,,,,,,,
1999,Connecticut,193996.00 ,70081.00 ,40447.00 ,50011.00 ,7084.00 ,26373.00 ,,,,,,,
1999,Delaware,53330.00 ,17212.00 ,7832.00 ,13061.00 ,3127.00 ,12098.00 ,,,,,,,
1999,District of Columbia,99510.00 ,23162.00 ,4997.00 ,22985.00 ,4350.00 ,44016.00 ,,,,,,,
1999,Florida,1166642.00 ,365008.00 ,179554.00 ,374267.00 ,29816.00 ,217997.00 ,,,,,,,
1999,Georgia,642252.00 ,0.00 ,0.00 ,248749.00 ,0.00 ,393503.00 ,,,,,,,
1999,Hawaii,84797.00 ,18961.00 ,10625.00 ,30592.00 ,2223.00 ,22396.00 ,,,,,,,
1999,Idaho,85384.00 ,25664.00 ,13282.00 ,27377.00 ,3429.00 ,15632.00 ,,,,,,,
1999,Illinois,1040529.00 ,334412.00 ,153993.00 ,235036.00 ,27431.00 ,289657.00 ,,,,,,,
1999,Indiana,367893.00 ,121125.00 ,91661.00 ,90397.00 ,5851.00 ,58859.00 ,,,,,,,
1999,Iowa,174401.00 ,52512.00 ,42504.00 ,48376.00 ,6233.00 ,24776.00 ,,,,,,,
1999,Kansas,185405.00 ,47285.00 ,8466.00 ,57671.00 ,2638.00 ,69345.00 ,,,,,,,
1999,Kentucky,356440.00 ,0.00 ,0.00 ,113565.00 ,0.00 ,242875.00 ,,,,,,,
1999,Louisiana,488151.00 ,198331.00 ,53051.00 ,173161.00 ,14322.00 ,49286.00 ,,,,,,,
1999,Maine,84109.00 ,29920.00 ,25540.00 ,20091.00 ,1988.00 ,6570.00 ,,,,,,,
1999,Maryland,327675.00 ,96150.00 ,63292.00 ,88932.00 ,8554.00 ,70747.00 ,,,,,,,
1999,Massachusetts,395568.00 ,0.00 ,89296.00 ,101088.00 ,11125.00 ,194059.00 ,,,,,,,
1999,Michigan,893932.00 ,326121.00 ,151836.00 ,147540.00 ,26743.00 ,241692.00 ,,,,,,,
1999,Minnesota,304863.00 ,88792.00 ,69556.00 ,79224.00 ,2869.00 ,64422.00 ,,,,,,,
1999,Mississippi,326082.00 ,128441.00 ,38041.00 ,123955.00 ,5590.00 ,30055.00 ,,,,,,,
1999,Missouri,381104.00 ,126095.00 ,70403.00 ,112963.00 ,12445.00 ,59198.00 ,,,,,,,
1999,Montana,67615.00 ,27973.00 ,11140.00 ,15658.00 ,2874.00 ,9970.00 ,,,,,,,
1999,Nebraska,121356.00 ,37107.00 ,23371.00 ,30491.00 ,3539.00 ,26848.00 ,,,,,,,
1999,Nevada,86182.00 ,22174.00 ,17353.00 ,28265.00 ,3692.00 ,14698.00 ,,,,,,,
1999,New Hampshire,51528.00 ,13827.00 ,9189.00 ,10834.00 ,4416.00 ,13262.00 ,,,,,,,
1999,New Jersey,506194.00 ,161899.00 ,107311.00 ,122273.00 ,10133.00 ,104578.00 ,,,,,,,
1999,New Mexico,165871.00 ,66124.00 ,26327.00 ,54566.00 ,1071.00 ,17783.00 ,,,,,,,
1999,New York,1770988.00 ,710777.00 ,164953.00 ,384538.00 ,17993.00 ,492727.00 ,,,,,,,
1999,North Carolina,514790.00 ,141941.00 ,96844.00 ,213367.00 ,17846.00 ,44792.00 ,,,,,,,
1999,North Dakota,48712.00 ,18015.00 ,7214.00 ,10046.00 ,2909.00 ,10528.00 ,,,,,,,
1999,Ohio,730910.00 ,0.00 ,101818.00 ,153809.00 ,36070.00 ,439404.00 ,,,,,,,
1999,Oklahoma,292005.00 ,88015.00 ,42133.00 ,95247.00 ,29438.00 ,37172.00 ,,,,,,,
1999,Oregon,194695.00 ,75226.00 ,34986.00 ,61046.00 ,7542.00 ,15895.00 ,,,,,,,
1999,Pennsylvania,875212.00 ,0.00 ,0.00 ,201672.00 ,32117.00 ,641423.00 ,,,,,,,
1999,Rhode Island,73264.00 ,24484.00 ,10861.00 ,16892.00 ,3022.00 ,18005.00 ,,,,,,,
1999,South Carolina,338394.00 ,95680.00 ,55065.00 ,119365.00 ,12235.00 ,56049.00 ,,,,,,,
1999,South Dakota,53762.00 ,19352.00 ,8569.00 ,13235.00 ,542.00 ,12064.00 ,,,,,,,
1999,Tennessee,398561.00 ,123573.00 ,78994.00 ,134226.00 ,15343.00 ,46425.00 ,,,,,,,
1999,Texas,1912846.00 ,633176.00 ,202138.00 ,677940.00 ,34699.00 ,364893.00 ,,,,,,,
1999,Utah,159867.00 ,29559.00 ,30115.00 ,50709.00 ,7354.00 ,42130.00 ,,,,,,,
1999,Vermont,48594.00 ,17182.00 ,6579.00 ,8386.00 ,2623.00 ,13824.00 ,,,,,,,
1999,Virginia,361814.00 ,112230.00 ,79750.00 ,124381.00 ,16755.00 ,28698.00 ,,,,,,,
1999,Washington,369163.00 ,121536.00 ,66485.00 ,98740.00 ,7572.00 ,74830.00 ,,,,,,,
1999,West Virginia,182304.00 ,67677.00 ,0.00 ,50444.00 ,0.00 ,64183.00 ,,,,,,,
1999,Wisconsin,300319.00 ,125111.00 ,60138.00 ,70237.00 ,4615.00 ,40218.00 ,,,,,,,
1999,Wyoming,47803.00 ,16875.00 ,4405.00 ,9237.00 ,2394.00 ,14892.00 ,,,,,,,
2002,United States,29312460.00 ,6173939.00 ,5377322.00 ,7089402.00 ,624454.00 ,10047357.00 ,,,,,,,
2002,Alabama,488940.00 ,141720.00 ,93622.00 ,147121.00 ,23203.00 ,83274.00 ,,,,,,,
2002,Alaska,92303.00 ,28978.00 ,15649.00 ,20192.00 ,3163.00 ,24321.00 ,,,,,,,
2002,Arizona,465436.00 ,117049.00 ,70620.00 ,135819.00 ,14324.00 ,127624.00 ,,,,,,,
2002,Arkansas,312368.00 ,90437.00 ,65280.00 ,83028.00 ,13932.00 ,59691.00 ,,,,,,,
2002,California,4592137.00 ,0.00 ,927712.00 ,997103.00 ,67999.00 ,2599323.00 ,,,,,,,
2002,Colorado,292639.00 ,88465.00 ,69535.00 ,64580.00 ,5798.00 ,64261.00 ,,,,,,,
2002,Connecticut,246455.00 ,78718.00 ,61145.00 ,57837.00 ,6674.00 ,42081.00 ,,,,,,,
2002,Delaware,77996.00 ,22826.00 ,13223.00 ,14714.00 ,3578.00 ,23655.00 ,,,,,,,
2002,District of Columbia,138616.00 ,32711.00 ,7665.00 ,18271.00 ,4183.00 ,75786.00 ,,,,,,,
2002,Florida,1617973.00 ,428839.00 ,325904.00 ,427840.00 ,50473.00 ,384917.00 ,,,,,,,
2002,Georgia,847645.00 ,0.00 ,0,277647.00 ,0,569998.00 ,,,,,,,
2002,Hawaii,123728.00 ,23938.00 ,18608.00 ,31448.00 ,3177.00 ,46557.00 ,,,,,,,
2002,Idaho,119551.00 ,30643.00 ,25815.00 ,32474.00 ,3443.00 ,27176.00 ,,,,,,,
2002,Illinois,1355763.00 ,356798.00 ,277358.00 ,271666.00 ,25549.00 ,424392.00 ,,,,,,,
2002,Indiana,510572.00 ,129637.00 ,134914.00 ,110401.00 ,11559.00 ,124061.00 ,,,,,,,
2002,Iowa,241001.00 ,57901.00 ,77242.00 ,55199.00 ,6642.00 ,44017.00 ,,,,,,,
2002,Kansas,265019.00 ,66692.00 ,0,67888.00 ,2889.00 ,127550.00 ,,,,,,,
2002,Kentucky,447143.00 ,0,0,129332.00 ,0,317811.00 ,,,,,,,
2002,Louisiana,600309.00 ,200691.00 ,91936.00 ,184863.00 ,12235.00 ,110584.00 ,,,,,,,
2002,Maine,134012.00 ,33626.00 ,48736.00 ,21602.00 ,2270.00 ,27778.00 ,,,,,,,
2002,Maryland,499912.00 ,126670.00 ,98269.00 ,100697.00 ,9568.00 ,164708.00 ,,,,,,,
2002,Massachusetts,559293.00 ,178141.00 ,154776.00 ,126931.00 ,12704.00 ,86741.00 ,,,,,,,
2002,Michigan,1076146.00 ,349582.00 ,268005.00 ,175921.00 ,33038.00 ,249600.00 ,,,,,,,
2002,Minnesota,371400.00 ,93212.00 ,107036.00 ,87434.00 ,3071.00 ,80647.00 ,,,,,,,
2002,Mississippi,410906.00 ,125472.00 ,51468.00 ,139903.00 ,6814.00 ,87249.00 ,,,,,,,
2002,Missouri,510766.00 ,150080.00 ,109486.00 ,131044.00 ,3446.00 ,116710.00 ,,,,,,,
2002,Montana,91221.00 ,31445.00 ,17702.00 ,16983.00 ,3050.00 ,22041.00 ,,,,,,,
2002,Nebraska,163771.00 ,38228.00 ,42201.00 ,35131.00 ,3715.00 ,44496.00 ,,,,,,,
2002,Nevada,138275.00 ,27849.00 ,32860.00 ,38305.00 ,3483.00 ,35778.00 ,,,,,,,
2002,New Hampshire,78120.00 ,18680.00 ,13264.00 ,13326.00 ,3544.00 ,29306.00 ,,,,,,,
2002,New Jersey,698906.00 ,188255.00 ,191357.00 ,141982.00 ,11218.00 ,166094.00 ,,,,,,,
2002,New Mexico,214140.00 ,76402.00 ,41380.00 ,61093.00 ,3289.00 ,31976.00 ,,,,,,,
2002,New York,2171852.00 ,707116.00 ,335056.00 ,412269.00 ,29166.00 ,688245.00 ,,,,,,,
2002,North Carolina,756116.00 ,0,0,254432.00 ,0,501684.00 ,,,,,,,
2002,North Dakota,67609.00 ,23014.00 ,13133.00 ,10473.00 ,3085.00 ,17904.00 ,,,,,,,
2002,Ohio,888076.00 ,0,160354.00 ,187883.00 ,32749.00 ,507104.00 ,,,,,,,
2002,Oklahoma,382434.00 ,106700.00 ,76002.00 ,107856.00 ,27837.00 ,64039.00 ,,,,,,,
2002,Oregon,358756.00 ,88031.00 ,61875.00 ,73974.00 ,7427.00 ,127449.00 ,,,,,,,
2002,Pennsylvania,1124286.00 ,358631.00 ,245151.00 ,226726.00 ,28124.00 ,265654.00 ,,,,,,,
2002,Rhode Island,89515.00 ,23886.00 ,18856.00 ,20748.00 ,4642.00 ,21383.00 ,,,,,,,
2002,South Carolina,489273.00 ,109251.00 ,92685.00 ,133572.00 ,25392.00 ,128373.00 ,,,,,,,
2002,South Dakota,83950.00 ,21418.00 ,15472.00 ,14533.00 ,609.00 ,31918.00 ,,,,,,,
2002,Tennessee,516053.00 ,134914.00 ,112617.00 ,155921.00 ,16974.00 ,95627.00 ,,,,,,,
2002,Texas,2571759.00 ,728144.00 ,364879.00 ,811063.00 ,42062.00 ,625611.00 ,,,,,,,
2002,Utah,202242.00 ,31787.00 ,47926.00 ,57733.00 ,6994.00 ,57802.00 ,,,,,,,
2002,Vermont,59078.00 ,18286.00 ,11970.00 ,8698.00 ,2743.00 ,17381.00 ,,,,,,,
2002,Virginia,540555.00 ,128756.00 ,139435.00 ,135751.00 ,23042.00 ,113571.00 ,,,,,,,
2002,Washington,515629.00 ,135125.00 ,117855.00 ,115035.00 ,7877.00 ,139737.00 ,,,,,,,
2002,West Virginia,243271.00 ,78456.00 ,0,55261.00 ,0,109554.00 ,,,,,,,
2002,Wisconsin,403532.00 ,128115.00 ,102853.00 ,80878.00 ,4963.00 ,86723.00 ,,,,,,,
2002,Wyoming,66012.00 ,18624.00 ,8435.00 ,8821.00 ,2737.00 ,27395.00 ,,,,,,,
2003,United States,33333476.00 ,7180748.00 ,6669539.00 ,7435666.00 ,599223.00 ,11448300.00 ,,,,,,,
2003,Alabama,547945.00 ,160124.00 ,114039.00 ,153764.00 ,20207.00 ,99811.00 ,,,,,,,
2003,Alaska,114878.00 ,35727.00 ,20475.00 ,21782.00 ,3355.00 ,33539.00 ,,,,,,,
2003,Arizona,593580.00 ,155343.00 ,105226.00 ,146375.00 ,17753.00 ,168883.00 ,,,,,,,
2003,Arkansas,353836.00 ,94092.00 ,71020.00 ,86473.00 ,12919.00 ,89332.00 ,,,,,,,
2003,California,5214237.00 ,0,1159279.00 ,1054822.00 ,71694.00 ,2928442.00 ,,,,,,,
2003,Colorado,349352.00 ,109823.00 ,85705.00 ,68968.00 ,6299.00 ,78557.00 ,,,,,,,
2003,Connecticut,307415.00 ,106584.00 ,76393.00 ,58701.00 ,7230.00 ,58507.00 ,,,,,,,
2003,Delaware,83308.00 ,24742.00 ,16758.00 ,14056.00 ,3221.00 ,24531.00 ,,,,,,,
2003,District of Columbia,150698.00 ,34472.00 ,10892.00 ,17135.00 ,3678.00 ,84521.00 ,,,,,,,
2003,Florida,1793913.00 ,496649.00 ,415460.00 ,449688.00 ,35389.00 ,396727.00 ,,,,,,,
2003,Georgia,1003784.00 ,0,0,299259.00 ,0,704525.00 ,,,,,,,
2003,Hawaii,132256.00 ,27939.00 ,21392.00 ,31487.00 ,3282.00 ,48156.00 ,,,,,,,
2003,Idaho,141040.00 ,36149.00 ,30791.00 ,35636.00 ,3697.00 ,34767.00 ,,,,,,,
2003,Illinois,1546557.00 ,431297.00 ,353602.00 ,297053.00 ,30020.00 ,434585.00 ,,,,,,,
2003,Indiana,569733.00 ,161231.00 ,148431.00 ,119942.00 ,11492.00 ,128637.00 ,,,,,,,
2003,Iowa,257791.00 ,59867.00 ,80444.00 ,59430.00 ,7104.00 ,50946.00 ,,,,,,,
2003,Kansas,288533.00 ,78167.00 ,0,71179.00 ,3470.00 ,135717.00 ,,,,,,,
2003,Kentucky,466597.00 ,0,0,112773.00 ,0,353824.00 ,,,,,,,
2003,Louisiana,667348.00 ,204440.00 ,109538.00 ,187351.00 ,14798.00 ,151221.00 ,,,,,,,
2003,Maine,156237.00 ,38445.00 ,61228.00 ,22561.00 ,2309.00 ,31694.00 ,,,,,,,
2003,Maryland,535390.00 ,144504.00 ,126877.00 ,101680.00 ,9275.00 ,153054.00 ,,,,,,,
2003,Massachusetts,669009.00 ,206977.00 ,198889.00 ,126415.00 ,12101.00 ,124627.00 ,,,,,,,
2003,Michigan,1177897.00 ,371887.00 ,318977.00 ,179929.00 ,30169.00 ,276935.00 ,,,,,,,
2003,Minnesota,417913.00 ,106733.00 ,127168.00 ,90527.00 ,1601.00 ,91884.00 ,,,,,,,
2003,Mississippi,456815.00 ,133927.00 ,69642.00 ,140405.00 ,7006.00 ,105835.00 ,,,,,,,
2003,Missouri,522117.00 ,152686.00 ,115866.00 ,135715.00 ,1805.00 ,116045.00 ,,,,,,,
2003,Montana,114446.00 ,33338.00 ,22801.00 ,16967.00 ,4146.00 ,37194.00 ,,,,,,,
2003,Nebraska,193740.00 ,43775.00 ,52923.00 ,37111.00 ,3798.00 ,56133.00 ,,,,,,,
2003,Nevada,174068.00 ,37009.00 ,39584.00 ,40996.00 ,3767.00 ,52712.00 ,,,,,,,
2003,New Hampshire,94805.00 ,22300.00 ,17315.00 ,13948.00 ,3967.00 ,37275.00 ,,,,,,,
2003,New Jersey,781549.00 ,242027.00 ,217729.00 ,143730.00 ,11525.00 ,166538.00 ,,,,,,,
2003,New Mexico,229898.00 ,75813.00 ,48756.00 ,62467.00 ,2675.00 ,40187.00 ,,,,,,,
2003,New York,2559875.00 ,866365.00 ,471761.00 ,421624.00 ,9954.00 ,790171.00 ,,,,,,,
2003,North Carolina,868258.00 ,0,0,264681.00 ,0,603577.00 ,,,,,,,
2003,North Dakota,80228.00 ,26508.00 ,16016.00 ,11114.00 ,2913.00 ,23677.00 ,,,,,,,
2003,Ohio,1003186.00 ,0,207513.00 ,195685.00 ,35218.00 ,564770.00 ,,,,,,,
2003,Oklahoma,477843.00 ,139638.00 ,92987.00 ,114109.00 ,32938.00 ,98171.00 ,,,,,,,
2003,Oregon,362547.00 ,102346.00 ,75900.00 ,77273.00 ,7005.00 ,100023.00 ,,,,,,,
2003,Pennsylvania,1294065.00 ,407035.00 ,302065.00 ,233620.00 ,31034.00 ,320311.00 ,,,,,,,
2003,Rhode Island,102215.00 ,30353.00 ,22569.00 ,21580.00 ,4083.00 ,23630.00 ,,,,,,,
2003,South Carolina,529756.00 ,129139.00 ,111673.00 ,139319.00 ,17166.00 ,132459.00 ,,,,,,,
2003,South Dakota,98818.00 ,25707.00 ,18392.00 ,15369.00 ,944.00 ,38406.00 ,,,,,,,
2003,Tennessee,578296.00 ,141465.00 ,134908.00 ,158970.00 ,17188.00 ,125765.00 ,,,,,,,
2003,Texas,2982822.00 ,868738.00 ,463031.00 ,893680.00 ,44559.00 ,712814.00 ,,,,,,,
2003,Utah,218420.00 ,36718.00 ,58633.00 ,64409.00 ,7066.00 ,51594.00 ,,,,,,,
2003,Vermont,70195.00 ,22597.00 ,14555.00 ,9274.00 ,2896.00 ,20873.00 ,,,,,,,
2003,Virginia,605673.00 ,145554.00 ,163749.00 ,140350.00 ,20436.00 ,135584.00 ,,,,,,,
2003,Washington,589723.00 ,160553.00 ,139990.00 ,125608.00 ,8260.00 ,155312.00 ,,,,,,,
2003,West Virginia,251779.00 ,84754.00 ,0,55510.00 ,0,111515.00 ,,,,,,,
2003,Wisconsin,480170.00 ,146277.00 ,126041.00 ,85973.00 ,4911.00 ,116968.00 ,,,,,,,
2003,Wyoming,72922.00 ,20934.00 ,12556.00 ,9193.00 ,2900.00 ,27339.00 ,,,,,,,
2004,United States,37593105.00 ,10192613.00 ,7934062.00 ,7917021.00 ,600243.00 ,10949166.00 ,,,,,,,
2004,Alabama,604319.00 ,203439.00 ,133002.00 ,158765.00 ,23376.00 ,85737.00 ,,,,,,,
2004,Alaska,129797.00 ,38150.00 ,24439.00 ,23019.00 ,3422.00 ,40767.00 ,,,,,,,
2004,Arizona,671593.00 ,185818.00 ,121879.00 ,155420.00 ,17511.00 ,190965.00 ,,,,,,,
2004,Arkansas,379562.00 ,104666.00 ,83584.00 ,92477.00 ,12175.00 ,86660.00 ,,,,,,,
2004,California,6023770.00 ,1884562.00 ,1414910.00 ,1119113.00 ,70700.00 ,1534485.00 ,,,,,,,
2004,Colorado,372296.00 ,121245.00 ,98413.00 ,74978.00 ,6529.00 ,71131.00 ,,,,,,,
2004,Connecticut,313915.00 ,101648.00 ,83033.00 ,63302.00 ,7649.00 ,58283.00 ,,,,,,,
2004,Delaware,95481.00 ,26344.00 ,20692.00 ,16445.00 ,3880.00 ,28120.00 ,,,,,,,
2004,District of Columbia,164550.00 ,43773.00 ,12445.00 ,15903.00 ,3829.00 ,88600.00 ,,,,,,,
2004,Florida,2014326.00 ,513346.00 ,501450.00 ,476281.00 ,38609.00 ,484640.00 ,,,,,,,
2004,Georgia,1153973.00 ,0,0,323361.00 ,0,830612.00 ,,,,,,,
2004,Hawaii,183866.00 ,35049.00 ,34359.00 ,43631.00 ,3089.00 ,67738.00 ,,,,,,,
2004,Idaho,158967.00 ,44763.00 ,35320.00 ,35564.00 ,3465.00 ,39855.00 ,,,,,,,
2004,Illinois,1651381.00 ,499917.00 ,409488.00 ,311493.00 ,28877.00 ,401606.00 ,,,,,,,
2004,Indiana,639007.00 ,165889.00 ,187832.00 ,137730.00 ,12027.00 ,135529.00 ,,,,,,,
2004,Iowa,301704.00 ,64474.00 ,90613.00 ,62054.00 ,7286.00 ,77277.00 ,,,,,,,
2004,Kansas,317739.00 ,91385.00 ,0,74283.00 ,1510.00 ,150561.00 ,,,,,,,
2004,Kentucky,566361.00 ,0,0,143362.00 ,0,422999.00 ,,,,,,,
2004,Louisiana,712942.00 ,217524.00 ,128485.00 ,195826.00 ,11886.00 ,159221.00 ,,,,,,,
2004,Maine,181839.00 ,48363.00 ,71788.00 ,23607.00 ,2445.00 ,35636.00 ,,,,,,,
2004,Maryland,521626.00 ,142020.00 ,137834.00 ,108749.00 ,9592.00 ,123431.00 ,,,,,,,
2004,Massachusetts,727241.00 ,245354.00 ,212373.00 ,117274.00 ,12391.00 ,139849.00 ,,,,,,,
2004,Michigan,1244650.00 ,411749.00 ,305276.00 ,168525.00 ,22321.00 ,336779.00 ,,,,,,,
2004,Minnesota,462696.00 ,111906.00 ,146190.00 ,95502.00 ,569.00 ,108529.00 ,,,,,,,
2004,Mississippi,489295.00 ,155755.00 ,80257.00 ,146932.00 ,6625.00 ,99726.00 ,,,,,,,
2004,Missouri,569825.00 ,172153.00 ,139814.00 ,146148.00 ,127.00 ,111583.00 ,,,,,,,
2004,Montana,132080.00 ,40324.00 ,29458.00 ,18757.00 ,4378.00 ,39163.00 ,,,,,,,
2004,Nebraska,211089.00 ,52310.00 ,51973.00 ,39021.00 ,4082.00 ,63703.00 ,,,,,,,
2004,Nevada,201193.00 ,48915.00 ,46566.00 ,45629.00 ,4506.00 ,55577.00 ,,,,,,,
2004,New Hampshire,112447.00 ,25770.00 ,22176.00 ,15339.00 ,4428.00 ,44734.00 ,,,,,,,
2004,New Jersey,872019.00 ,252951.00 ,254127.00 ,153781.00 ,10060.00 ,201100.00 ,,,,,,,
2004,New Mexico,331135.00 ,103392.00 ,90152.00 ,69314.00 ,3619.00 ,64658.00 ,,,,,,,
2004,New York,3029370.00 ,1166772.00 ,603186.00 ,439994.00 ,17012.00 ,802406.00 ,,,,,,,
2004,North Carolina,995704.00 ,0,0,283972.00 ,0,711732.00 ,,,,,,,
2004,North Dakota,89564.00 ,33175.00 ,18406.00 ,11583.00 ,2683.00 ,23717.00 ,,,,,,,
2004,Ohio,1179119.00 ,0,266929.00 ,207049.00 ,37407.00 ,667734.00 ,,,,,,,
2004,Oklahoma,504182.00 ,161896.00 ,97762.00 ,121107.00 ,30964.00 ,92453.00 ,,,,,,,
2004,Oregon,414961.00 ,128625.00 ,95215.00 ,83717.00 ,8287.00 ,99117.00 ,,,,,,,
2004,Pennsylvania,1469999.00 ,456462.00 ,366522.00 ,249241.00 ,30636.00 ,367138.00 ,,,,,,,
2004,Rhode Island,125606.00 ,43752.00 ,28436.00 ,22540.00 ,4632.00 ,26246.00 ,,,,,,,
2004,South Carolina,609720.00 ,153318.00 ,131114.00 ,150117.00 ,14784.00 ,160387.00 ,,,,,,,
2004,South Dakota,98041.00 ,30705.00 ,22109.00 ,16257.00 ,1246.00 ,27724.00 ,,,,,,,
2004,Tennessee,663546.00 ,167316.00 ,173414.00 ,175359.00 ,20168.00 ,127289.00 ,,,,,,,
2004,Texas,3396286.00 ,1000471.00 ,560985.00 ,965252.00 ,46018.00 ,823560.00 ,,,,,,,
2004,Utah,261104.00 ,41432.00 ,74191.00 ,69604.00 ,7138.00 ,68739.00 ,,,,,,,
2004,Vermont,82785.00 ,25878.00 ,18916.00 ,9850.00 ,3107.00 ,25034.00 ,,,,,,,
2004,Virginia,674233.00 ,190096.00 ,186512.00 ,148437.00 ,19101.00 ,130087.00 ,,,,,,,
2004,Washington,627690.00 ,181899.00 ,166332.00 ,131323.00 ,8470.00 ,139666.00 ,,,,,,,
2004,West Virginia,274527.00 ,79599.00 ,0,58868.00 ,0,136060.00 ,,,,,,,
2004,Wisconsin,500851.00 ,152503.00 ,141241.00 ,91390.00 ,5182.00 ,110535.00 ,,,,,,,
2004,Wyoming,83133.00 ,25760.00 ,14864.00 ,9776.00 ,2445.00 ,30288.00 ,,,,,,,
2005,United States,40836192.00 ,11009277.00 ,9038634.00 ,8464201.00 ,626703.00 ,11697377.00 ,,,,,,,
2005,Alabama,646382.00 ,213404.00 ,155450.00 ,168537.00 ,23369.00 ,85622.00 ,,,,,,,
2005,Alaska,139967.00 ,43503.00 ,30439.00 ,23518.00 ,3205.00 ,39302.00 ,,,,,,,
2005,Arizona,746852.00 ,205564.00 ,134016.00 ,178637.00 ,18189.00 ,210446.00 ,,,,,,,
2005,Arkansas,418673.00 ,115867.00 ,101256.00 ,104024.00 ,12570.00 ,84956.00 ,,,,,,,
2005,California,6669657.00 ,2140623.00 ,1604291.00 ,1168938.00 ,69980.00 ,1685825.00 ,,,,,,,
2005,Colorado,417722.00 ,131366.00 ,116261.00 ,82238.00 ,7349.00 ,80508.00 ,,,,,,,
2005,Connecticut,358959.00 ,123830.00 ,105093.00 ,65927.00 ,7626.00 ,56483.00 ,,,,,,,
2005,Delaware,106513.00 ,30287.00 ,25851.00 ,17616.00 ,4345.00 ,28414.00 ,,,,,,,
2005,District of Columbia,166108.00 ,47773.00 ,14042.00 ,15965.00 ,4295.00 ,84033.00 ,,,,,,,
2005,Florida,2167417.00 ,569180.00 ,557072.00 ,510096.00 ,38608.00 ,492461.00 ,,,,,,,
2005,Georgia,1320768.00 ,0,0,354945.00 ,0,965823.00 ,,,,,,,
2005,Hawaii,179619.00 ,39779.00 ,32881.00 ,45749.00 ,2713.00 ,58497.00 ,,,,,,,
2005,Idaho,171815.00 ,44974.00 ,42717.00 ,43163.00 ,3066.00 ,37895.00 ,,,,,,,
2005,Illinois,1743798.00 ,533903.00 ,474787.00 ,319995.00 ,30305.00 ,384808.00 ,,,,,,,
2005,Indiana,693982.00 ,179682.00 ,204856.00 ,137788.00 ,12129.00 ,159527.00 ,,,,,,,
2005,Iowa,319954.00 ,64064.00 ,101316.00 ,68125.00 ,7262.00 ,79187.00 ,,,,,,,
2005,Kansas,333759.00 ,91703.00 ,0,82479.00 ,1555.00 ,158022.00 ,,,,,,,
2005,Kentucky,602508.00 ,0,0,152787.00 ,0,449721.00 ,,,,,,,
2005,Louisiana,776201.00 ,255860.00 ,139710.00 ,201230.00 ,10677.00 ,168724.00 ,,,,,,,
2005,Maine,188948.00 ,44909.00 ,74149.00 ,25635.00 ,2490.00 ,41765.00 ,,,,,,,
2005,Maryland,611813.00 ,170137.00 ,164895.00 ,112396.00 ,10735.00 ,153650.00 ,,,,,,,
2005,Massachusetts,722546.00 ,223300.00 ,238032.00 ,124623.00 ,12351.00 ,124240.00 ,,,,,,,
2005,Michigan,1345699.00 ,412748.00 ,364003.00 ,210237.00 ,24640.00 ,334071.00 ,,,,,,,
2005,Minnesota,482181.00 ,101365.00 ,163982.00 ,100540.00 ,790.00 ,115504.00 ,,,,,,,
2005,Mississippi,529021.00 ,167166.00 ,96567.00 ,159256.00 ,6269.00 ,99763.00 ,,,,,,,
2005,Missouri,637929.00 ,185305.00 ,165948.00 ,157859.00 ,14400.00 ,114417.00 ,,,,,,,
2005,Montana,131723.00 ,44902.00 ,31682.00 ,19438.00 ,3212.00 ,32489.00 ,,,,,,,
2005,Nebraska,243670.00 ,40020.00 ,76402.00 ,42032.00 ,4325.00 ,80891.00 ,,,,,,,
2005,Nevada,227683.00 ,56866.00 ,54555.00 ,53249.00 ,4669.00 ,58344.00 ,,,,,,,
2005,New Hampshire,118469.00 ,28958.00 ,24452.00 ,16018.00 ,4608.00 ,44433.00 ,,,,,,,
2005,New Jersey,920444.00 ,246872.00 ,291328.00 ,170608.00 ,8690.00 ,202946.00 ,,,,,,,
2005,New Mexico,333704.00 ,112098.00 ,74480.00 ,75767.00 ,5355.00 ,66004.00 ,,,,,,,
2005,New York,3136137.00 ,1150227.00 ,576399.00 ,455882.00 ,19851.00 ,933778.00 ,,,,,,,
2005,North Carolina,1094785.00 ,0,0,303620.00 ,0,791165.00 ,,,,,,,
2005,North Dakota,96418.00 ,35320.00 ,22703.00 ,11995.00 ,2801.00 ,23599.00 ,,,,,,,
2005,Ohio,1318990.00 ,0,378937.00 ,233245.00 ,37504.00 ,669304.00 ,,,,,,,
2005,Oklahoma,589318.00 ,205742.00 ,119547.00 ,130846.00 ,32835.00 ,100348.00 ,,,,,,,
2005,Oregon,457760.00 ,150157.00 ,108191.00 ,87731.00 ,9363.00 ,102318.00 ,,,,,,,
2005,Pennsylvania,1604560.00 ,480889.00 ,437592.00 ,269223.00 ,32471.00 ,384385.00 ,,,,,,,
2005,Rhode Island,139167.00 ,44271.00 ,33518.00 ,22401.00 ,4474.00 ,34503.00 ,,,,,,,
2005,South Carolina,633760.00 ,161302.00 ,149809.00 ,160809.00 ,13463.00 ,148377.00 ,,,,,,,
2005,South Dakota,111981.00 ,36354.00 ,25234.00 ,17838.00 ,125.00 ,32430.00 ,,,,,,,
2005,Tennessee,756985.00 ,199995.00 ,194899.00 ,191638.00 ,19371.00 ,151082.00 ,,,,,,,
2005,Texas,3722180.00 ,1112878.00 ,641631.00 ,1016379.00 ,50089.00 ,901203.00 ,,,,,,,
2005,Utah,296403.00 ,46994.00 ,84250.00 ,73950.00 ,6725.00 ,84484.00 ,,,,,,,
2005,Vermont,85014.00 ,26451.00 ,20145.00 ,10038.00 ,2730.00 ,25650.00 ,,,,,,,
2005,Virginia,712102.00 ,206469.00 ,217436.00 ,162058.00 ,19338.00 ,106801.00 ,,,,,,,
2005,Washington,671820.00 ,199410.00 ,194038.00 ,139450.00 ,8172.00 ,130750.00 ,,,,,,,
2005,West Virginia,316688.00 ,97156.00 ,0,59921.00 ,0,159611.00 ,,,,,,,
2005,Wisconsin,521456.00 ,160983.00 ,154792.00 ,97251.00 ,5127.00 ,103303.00 ,,,,,,,
2005,Wyoming,96184.00 ,28671.00 ,19000.00 ,10511.00 ,2487.00 ,35515.00 ,,,,,,,
2006,United States,43528892.00 ,11371494.00 ,9648148.00 ,8913237.00 ,642236.00 ,12953777.00 ,,,,,,,
2006,Alabama,672209.00 ,220121.00 ,171291.00 ,177851.00 ,19195.00 ,83751.00 ,,,,,,,
2006,Alaska,141871.00 ,42170.00 ,31861.00 ,25559.00 ,3099.00 ,39182.00 ,,,,,,,
2006,Arizona,804918.00 ,255591.00 ,140447.00 ,174097.00 ,18224.00 ,216559.00 ,,,,,,,
2006,Arkansas,449903.00 ,118160.00 ,110131.00 ,116432.00 ,11427.00 ,93753.00 ,,,,,,,
2006,California,6939416.00 ,2174622.00 ,1714099.00 ,1223054.00 ,71578.00 ,1756063.00 ,,,,,,,
2006,Colorado,466649.00 ,144180.00 ,133694.00 ,90139.00 ,6561.00 ,92075.00 ,,,,,,,
2006,Connecticut,346825.00 ,112581.00 ,106865.00 ,68525.00 ,7622.00 ,51232.00 ,,,,,,,
2006,Delaware,109044.00 ,32026.00 ,26381.00 ,19522.00 ,4133.00 ,26982.00 ,,,,,,,
2006,District of Columbia,125898.00 ,64248.00 ,10035.00 ,15446.00 ,5960.00 ,30209.00 ,,,,,,,
2006,Florida,2298306.00 ,612907.00 ,571194.00 ,519260.00 ,41549.00 ,553396.00 ,,,,,,,
2006,Georgia,1357771.00 ,0,0,392267.00 ,0,965504.00 ,,,,,,,
2006,Hawaii,181359.00 ,46525.00 ,33674.00 ,29600.00 ,2416.00 ,69144.00 ,,,,,,,
2006,Idaho,182504.00 ,48064.00 ,42448.00 ,45682.00 ,3501.00 ,42809.00 ,,,,,,,
2006,Illinois,1790722.00 ,542370.00 ,492176.00 ,345197.00 ,25043.00 ,385936.00 ,,,,,,,
2006,Indiana,725361.00 ,176490.00 ,221177.00 ,167710.00 ,12012.00 ,147972.00 ,,,,,,,
2006,Iowa,357392.00 ,64242.00 ,133308.00 ,72759.00 ,6985.00 ,80098.00 ,,,,,,,
2006,Kansas,320275.00 ,88184.00 ,0,83284.00 ,1605.00 ,147202.00 ,,,,,,,
2006,Kentucky,633342.00 ,0,0,163243.00 ,0,470099.00 ,,,,,,,
2006,Louisiana,1175648.00 ,228160.00 ,136076.00 ,184590.00 ,10296.00 ,616526.00 ,,,,,,,
2006,Maine,193327.00 ,47553.00 ,80240.00 ,26043.00 ,2322.00 ,37169.00 ,,,,,,,
2006,Maryland,604264.00 ,161911.00 ,177615.00 ,119469.00 ,11271.00 ,133998.00 ,,,,,,,
2006,Massachusetts,703765.00 ,215796.00 ,239215.00 ,117677.00 ,13005.00 ,118072.00 ,,,,,,,
2006,Michigan,1374980.00 ,403851.00 ,384073.00 ,227489.00 ,23010.00 ,336557.00 ,,,,,,,
2006,Minnesota,511299.00 ,95681.00 ,174122.00 ,106988.00 ,1685.00 ,132823.00 ,,,,,,,
2006,Mississippi,818049.00 ,176021.00 ,110710.00 ,162475.00 ,6170.00 ,362673.00 ,,,,,,,
2006,Missouri,682806.00 ,191847.00 ,196481.00 ,166400.00 ,14086.00 ,113992.00 ,,,,,,,
2006,Montana,132488.00 ,45111.00 ,31952.00 ,20197.00 ,3291.00 ,31937.00 ,,,,,,,
2006,Nebraska,246372.00 ,62694.00 ,65803.00 ,45082.00 ,3372.00 ,69421.00 ,,,,,,,
2006,Nevada,242955.00 ,71280.00 ,60188.00 ,58308.00 ,5281.00 ,47898.00 ,,,,,,,
2006,New Hampshire,122444.00 ,29550.00 ,26144.00 ,16962.00 ,3696.00 ,46092.00 ,,,,,,,
2006,New Jersey,967674.00 ,259350.00 ,298689.00 ,175270.00 ,8848.00 ,225517.00 ,,,,,,,
2006,New Mexico,298534.00 ,99778.00 ,58256.00 ,76259.00 ,5895.00 ,58346.00 ,,,,,,,
2006,New York,3317811.00 ,1271939.00 ,648276.00 ,478459.00 ,41231.00 ,877906.00 ,,,,,,,
2006,North Carolina,1165385.00 ,0,0,329298.00 ,0,836087.00 ,,,,,,,
2006,North Dakota,101574.00 ,38167.00 ,24033.00 ,12590.00 ,2589.00 ,24195.00 ,,,,,,,
2006,Ohio,1393825.00 ,0,441768.00 ,235117.00 ,38994.00 ,677946.00 ,,,,,,,
2006,Oklahoma,563480.00 ,166410.00 ,133789.00 ,140680.00 ,32854.00 ,89747.00 ,,,,,,,
2006,Oregon,478786.00 ,160451.00 ,120623.00 ,92022.00 ,8488.00 ,97202.00 ,,,,,,,
2006,Pennsylvania,1650468.00 ,482505.00 ,434239.00 ,281372.00 ,32729.00 ,419623.00 ,,,,,,,
2006,Rhode Island,143611.00 ,47642.00 ,36521.00 ,23587.00 ,4197.00 ,31664.00 ,,,,,,,
2006,South Carolina,657345.00 ,169383.00 ,163000.00 ,173221.00 ,13176.00 ,138565.00 ,,,,,,,
2006,South Dakota,115452.00 ,37311.00 ,25268.00 ,17907.00 ,954.00 ,34012.00 ,,,,,,,
2006,Tennessee,764639.00 ,190906.00 ,197832.00 ,207903.00 ,23988.00 ,144010.00 ,,,,,,,
2006,Texas,4356333.00 ,1157764.00 ,708231.00 ,1100875.00 ,48700.00 ,1340763.00 ,,,,,,,
2006,Utah,316834.00 ,53245.00 ,91736.00 ,77694.00 ,5859.00 ,88300.00 ,,,,,,,
2006,Vermont,91902.00 ,29714.00 ,21561.00 ,10635.00 ,2271.00 ,27721.00 ,,,,,,,
2006,Virginia,755237.00 ,220177.00 ,238347.00 ,172312.00 ,17599.00 ,106802.00 ,,,,,,,
2006,Washington,697266.00 ,205066.00 ,201525.00 ,145914.00 ,7879.00 ,136882.00 ,,,,,,,
2006,West Virginia,335130.00 ,110808.00 ,0,63683.00 ,0,160639.00 ,,,,,,,
2006,Wisconsin,544276.00 ,168729.00 ,160816.00 ,106171.00 ,5092.00 ,103468.00 ,,,,,,,
2006,Wyoming,101168.00 ,30213.00 ,22238.00 ,10961.00 ,2498.00 ,35258.00 ,,,,,,,
2007,United States,42886760.00 ,11295616.00 ,9749352.00 ,9317194.00 ,622194.00 ,11902404.00 ,,,,,,,
2007,Alabama,668873.00 ,214840.00 ,167448.00 ,189099.00 ,17015.00 ,80471.00 ,,,,,,,
2007,Alaska,133503.00 ,40928.00 ,28848.00 ,26855.00 ,3057.00 ,33815.00 ,,,,,,,
2007,Arizona,795209.00 ,251161.00 ,147670.00 ,196328.00 ,18225.00 ,181825.00 ,,,,,,,
2007,Arkansas,459204.00 ,117791.00 ,107879.00 ,121534.00 ,8808.00 ,103192.00 ,,,,,,,
2007,California,6738910.00 ,1995300.00 ,1712796.00 ,1291389.00 ,68117.00 ,1671308.00 ,,,,,,,
2007,Colorado,479750.00 ,146023.00 ,143023.00 ,96276.00 ,6664.00 ,87764.00 ,,,,,,,
2007,Connecticut,345514.00 ,101627.00 ,113589.00 ,73698.00 ,7166.00 ,49434.00 ,,,,,,,
2007,Delaware,102114.00 ,28909.00 ,24993.00 ,20963.00 ,3703.00 ,23546.00 ,,,,,,,
2007,District of Columbia,133454.00 ,72077.00 ,14306.00 ,13319.00 ,3800.00 ,29952.00 ,,,,,,,
2007,Florida,2320181.00 ,670613.00 ,564232.00 ,542179.00 ,41245.00 ,501912.00 ,,,,,,,
2007,Georgia,1409265.00 ,0,0,422180.00 ,0,987085.00 ,,,,,,,
2007,Hawaii,206065.00 ,57755.00 ,36629.00 ,38591.00 ,2873.00 ,70217.00 ,,,,,,,
2007,Idaho,185850.00 ,47412.00 ,44996.00 ,48990.00 ,3615.00 ,40837.00 ,,,,,,,
2007,Illinois,1758922.00 ,535208.00 ,463109.00 ,355054.00 ,29231.00 ,376320.00 ,,,,,,,
2007,Indiana,751382.00 ,180784.00 ,229161.00 ,176199.00 ,11247.00 ,153991.00 ,,,,,,,
2007,Iowa,364850.00 ,62393.00 ,144978.00 ,77597.00 ,6559.00 ,73323.00 ,,,,,,,
2007,Kansas,326404.00 ,90507.00 ,0,91786.00 ,1626.00 ,142485.00 ,,,,,,,
2007,Kentucky,629363.00 ,0,0,172113.00 ,0,457250.00 ,,,,,,,
2007,Louisiana,1147486.00 ,267331.00 ,173449.00 ,192352.00 ,12184.00 ,502170.00 ,,,,,,,
2007,Maine,189363.00 ,45291.00 ,76597.00 ,31583.00 ,2460.00 ,33432.00 ,,,,,,,
2007,Maryland,579425.00 ,177637.00 ,174703.00 ,122531.00 ,10433.00 ,94121.00 ,,,,,,,
2007,Massachusetts,709149.00 ,218079.00 ,240053.00 ,140319.00 ,10979.00 ,99719.00 ,,,,,,,
2007,Michigan,1391056.00 ,441527.00 ,362633.00 ,237915.00 ,24902.00 ,324079.00 ,,,,,,,
2007,Minnesota,498727.00 ,107921.00 ,181675.00 ,114007.00 ,1029.00 ,94095.00 ,,,,,,,
2007,Mississippi,669859.00 ,178489.00 ,112267.00 ,169354.00 ,6469.00 ,203280.00 ,,,,,,,
2007,Missouri,674917.00 ,182129.00 ,201484.00 ,169022.00 ,13674.00 ,108608.00 ,,,,,,,
2007,Montana,131962.00 ,43868.00 ,33759.00 ,20796.00 ,3134.00 ,30405.00 ,,,,,,,
2007,Nebraska,251208.00 ,59228.00 ,66791.00 ,48383.00 ,4077.00 ,72729.00 ,,,,,,,
2007,Nevada,257925.00 ,73675.00 ,63756.00 ,64115.00 ,5995.00 ,50384.00 ,,,,,,,
2007,New Hampshire,130991.00 ,29369.00 ,31274.00 ,18362.00 ,3820.00 ,48166.00 ,,,,,,,
2007,New Jersey,972460.00 ,251980.00 ,318981.00 ,184912.00 ,6913.00 ,209674.00 ,,,,,,,
2007,New Mexico,312883.00 ,100126.00 ,73048.00 ,753.00 ,4694.00 ,134262.00 ,,,,,,,
2007,New York,3241376.00 ,1224483.00 ,617588.00 ,501111.00 ,38497.00 ,859697.00 ,,,,,,,
2007,North Carolina,1164550.00 ,0,0,345414.00 ,0,819136.00 ,,,,,,,
2007,North Dakota,103132.00 ,37425.00 ,26875.00 ,13450.00 ,2782.00 ,22600.00 ,,,,,,,
2007,Ohio,1364391.00 ,0,439222.00 ,247262.00 ,36006.00 ,641901.00 ,,,,,,,
2007,Oklahoma,570616.00 ,158978.00 ,137543.00 ,147247.00 ,32366.00 ,94482.00 ,,,,,,,
2007,Oregon,487623.00 ,154298.00 ,124779.00 ,97047.00 ,8367.00 ,103132.00 ,,,,,,,
2007,Pennsylvania,1607818.00 ,485877.00 ,421247.00 ,293607.00 ,31794.00 ,375293.00 ,,,,,,,
2007,Rhode Island,159977.00 ,46224.00 ,35708.00 ,24524.00 ,3908.00 ,49613.00 ,,,,,,,
2007,South Carolina,675386.00 ,178800.00 ,174358.00 ,182213.00 ,12732.00 ,127283.00 ,,,,,,,
2007,South Dakota,114217.00 ,37756.00 ,25994.00 ,18876.00 ,739.00 ,30852.00 ,,,,,,,
2007,Tennessee,766221.00 ,198751.00 ,198900.00 ,220958.00 ,20763.00 ,126849.00 ,,,,,,,
2007,Texas,4053011.00 ,1166997.00 ,752037.00 ,1137972.00 ,47051.00 ,948954.00 ,,,,,,,
2007,Utah,316771.00 ,48004.00 ,90671.00 ,81830.00 ,5809.00 ,90457.00 ,,,,,,,
2007,Vermont,89452.00 ,29446.00 ,21520.00 ,11265.00 ,2440.00 ,24781.00 ,,,,,,,
2007,Virginia,779323.00 ,236102.00 ,241874.00 ,179092.00 ,19898.00 ,102357.00 ,,,,,,,
2007,Washington,693321.00 ,203835.00 ,202985.00 ,152913.00 ,7827.00 ,125761.00 ,,,,,,,
2007,West Virginia,342493.00 ,111044.00 ,0,63974.00 ,0,167475.00 ,,,,,,,
2007,Wisconsin,535750.00 ,158917.00 ,161794.00 ,118487.00 ,5098.00 ,91454.00 ,,,,,,,
2007,Wyoming,95108.00 ,28701.00 ,22130.00 ,11398.00 ,2403.00 ,30476.00 ,,,,,,,
2008,United States,43359478.00 ,11279591.00 ,9999643.00 ,9915935.00 ,596356.00 ,11567953.00 ,,,,,,,
2008,Alabama,690332.00 ,219828.00 ,167618.00 ,200553.00 ,16053.00 ,86280.00 ,,,,,,,
2008,Alaska,134964.00 ,41252.00 ,28746.00 ,27761.00 ,2921.00 ,34284.00 ,,,,,,,
2008,Arizona,828778.00 ,269993.00 ,145655.00 ,213551.00 ,18616.00 ,180963.00 ,,,,,,,
2008,Arkansas,467229.00 ,118053.00 ,105936.00 ,139093.00 ,8997.00 ,95150.00 ,,,,,,,
2008,California,6725696.00 ,1885320.00 ,1782769.00 ,1390720.00 ,67200.00 ,1599687.00 ,,,,,,,
2008,Colorado,486055.00 ,146226.00 ,139709.00 ,105293.00 ,7336.00 ,87491.00 ,,,,,,,
2008,Connecticut,352465.00 ,105443.00 ,116779.00 ,76936.00 ,7134.00 ,46173.00 ,,,,,,,
2008,Delaware,104304.00 ,29485.00 ,27519.00 ,20963.00 ,4868.00 ,21469.00 ,,,,,,,
2008,District of Columbia,83628.00 ,32853.00 ,11361.00 ,14298.00 ,4218.00 ,20898.00 ,,,,,,,
2008,Florida,2318976.00 ,646679.00 ,582961.00 ,573732.00 ,41929.00 ,473675.00 ,,,,,,,
2008,Georgia,1390188.00 ,0,0,447726.00 ,0,942462.00 ,,,,,,,
2008,Hawaii,238047.00 ,52171.00 ,56136.00 ,36813.00 ,4772.00 ,88155.00 ,,,,,,,
2008,Idaho,189738.00 ,46534.00 ,48087.00 ,53287.00 ,3494.00 ,38336.00 ,,,,,,,
2008,Illinois,1881292.00 ,625525.00 ,521063.00 ,370891.00 ,30003.00 ,333810.00 ,,,,,,,
2008,Indiana,794026.00 ,216795.00 ,242817.00 ,194482.00 ,11806.00 ,128126.00 ,,,,,,,
2008,Iowa,367765.00 ,70275.00 ,139339.00 ,81194.00 ,6676.00 ,70281.00 ,,,,,,,
2008,Kansas,325084.00 ,93931.00 ,0,96806.00 ,1580.00 ,132767.00 ,,,,,,,
2008,Kentucky,655954.00 ,0,0,181347.00 ,0,474607.00 ,,,,,,,
2008,Louisiana,1194693.00 ,290950.00 ,181690.00 ,202933.00 ,11073.00 ,508047.00 ,,,,,,,
2008,Maine,177070.00 ,45476.00 ,45040.00 ,29100.00 ,2139.00 ,55315.00 ,,,,,,,
2008,Maryland,670941.00 ,212328.00 ,180945.00 ,128822.00 ,10793.00 ,138053.00 ,,,,,,,
2008,Massachusetts,697130.00 ,205069.00 ,238965.00 ,145958.00 ,11858.00 ,95280.00 ,,,,,,,
2008,Michigan,1330622.00 ,407756.00 ,367331.00 ,246748.00 ,21323.00 ,287464.00 ,,,,,,,
2008,Minnesota,507645.00 ,107623.00 ,174125.00 ,119897.00 ,696.00 ,105304.00 ,,,,,,,
2008,Mississippi,664625.00 ,187085.00 ,109619.00 ,174941.00 ,6782.00 ,186198.00 ,,,,,,,
2008,Missouri,674384.00 ,185321.00 ,192228.00 ,177082.00 ,14204.00 ,105549.00 ,,,,,,,
2008,Montana,127829.00 ,43492.00 ,34637.00 ,21605.00 ,2888.00 ,25207.00 ,,,,,,,
2008,Nebraska,268129.00 ,61158.00 ,68536.00 ,51461.00 ,3696.00 ,83278.00 ,,,,,,,
2008,Nevada,265875.00 ,75918.00 ,62739.00 ,68933.00 ,6090.00 ,52195.00 ,,,,,,,
2008,New Hampshire,132865.00 ,31975.00 ,31496.00 ,19120.00 ,3841.00 ,46433.00 ,,,,,,,
2008,New Jersey,958349.00 ,232434.00 ,326590.00 ,195488.00 ,7551.00 ,196286.00 ,,,,,,,
2008,New Mexico,315807.00 ,94731.00 ,82512.00 ,392.00 ,5613.00 ,132559.00 ,,,,,,,
2008,New York,3104423.00 ,1160482.00 ,657191.00 ,516394.00 ,11978.00 ,758378.00 ,,,,,,,
2008,North Carolina,1152033.00 ,0,0,361488.00 ,0,790545.00 ,,,,,,,
2008,North Dakota,100458.00 ,34886.00 ,26340.00 ,14352.00 ,2402.00 ,22478.00 ,,,,,,,
2008,Ohio,1428803.00 ,0,442088.00 ,290133.00 ,36187.00 ,660395.00 ,,,,,,,
2008,Oklahoma,565345.00 ,146276.00 ,139085.00 ,156522.00 ,30418.00 ,93044.00 ,,,,,,,
2008,Oregon,475954.00 ,146352.00 ,120251.00 ,102787.00 ,7849.00 ,98715.00 ,,,,,,,
2008,Pennsylvania,1642172.00 ,506544.00 ,420943.00 ,308412.00 ,31234.00 ,375039.00 ,,,,,,,
2008,Rhode Island,161156.00 ,47608.00 ,36196.00 ,26407.00 ,4089.00 ,46856.00 ,,,,,,,
2008,South Carolina,689582.00 ,187589.00 ,172714.00 ,191785.00 ,12822.00 ,124672.00 ,,,,,,,
2008,South Dakota,116977.00 ,39298.00 ,27485.00 ,19704.00 ,751.00 ,29739.00 ,,,,,,,
2008,Tennessee,806671.00 ,214674.00 ,208330.00 ,233607.00 ,22369.00 ,127691.00 ,,,,,,,
2008,Texas,4140349.00 ,1176750.00 ,781177.00 ,1235037.00 ,47233.00 ,900152.00 ,,,,,,,
2008,Utah,341131.00 ,53075.00 ,90363.00 ,84941.00 ,6199.00 ,106553.00 ,,,,,,,
2008,Vermont,87603.00 ,27892.00 ,22798.00 ,11397.00 ,2745.00 ,22771.00 ,,,,,,,
2008,Virginia,784696.00 ,231253.00 ,246315.00 ,192991.00 ,18277.00 ,95860.00 ,,,,,,,
2008,Washington,755287.00 ,204214.00 ,213422.00 ,161384.00 ,8361.00 ,167906.00 ,,,,,,,
2008,West Virginia,311996.00 ,95833.00 ,0,64866.00 ,0,151297.00 ,,,,,,,
2008,Wisconsin,587919.00 ,196612.00 ,162036.00 ,123847.00 ,5159.00 ,100265.00 ,,,,,,,
2008,Wyoming,86438.00 ,28574.00 ,19961.00 ,11955.00 ,2133.00 ,23815.00 ,,,,,,,
2009,United States,51997354.00 ,12369968.00 ,10660170.00 ,10687460.00 ,641094.00 ,17638662.00 ,,,,,,,
2009,Alabama,706941.00 ,225992.00 ,166625.00 ,215581.00 ,16040.00 ,82703.00 ,,,,,,,
2009,Alaska,142710.00 ,46541.00 ,31526.00 ,30813.00 ,2785.00 ,31045.00 ,,,,,,,
2009,Arizona,878342.00 ,284306.00 ,150734.00 ,234527.00 ,20812.00 ,187963.00 ,,,,,,,
2009,Arkansas,510297.00 ,140696.00 ,106213.00 ,154456.00 ,9557.00 ,99375.00 ,,,,,,,
2009,California,9247172.00 ,1897719.00 ,1936707.00 ,1525463.00 ,64202.00 ,3823081.00 ,,,,,,,
2009,Colorado,499998.00 ,145457.00 ,141939.00 ,120748.00 ,6789.00 ,85065.00 ,,,,,,,
2009,Connecticut,367633.00 ,118348.00 ,112934.00 ,81857.00 ,6969.00 ,47525.00 ,,,,,,,
2009,Delaware,109682.00 ,32575.00 ,27231.00 ,24587.00 ,4028.00 ,21261.00 ,,,,,,,
2009,District of Columbia,74345.00 ,29518.00 ,12297.00 ,14633.00 ,2296.00 ,15601.00 ,,,,,,,
2009,Florida,2490342.00 ,693962.00 ,606098.00 ,626434.00 ,42286.00 ,521562.00 ,,,,,,,
2009,Georgia,1576888.00 ,580.00 ,0,490526.00 ,0,1085782.00 ,,,,,,,
2009,Hawaii,283665.00 ,54851.00 ,57331.00 ,34123.00 ,3660.00 ,133700.00 ,,,,,,,
2009,Idaho,204498.00 ,49977.00 ,45294.00 ,59392.00 ,3571.00 ,46264.00 ,,,,,,,
2009,Illinois,3224086.00 ,685974.00 ,544310.00 ,382803.00 ,28924.00 ,1582075.00 ,,,,,,,
2009,Indiana,1389056.00 ,231772.00 ,255350.00 ,214585.00 ,12048.00 ,675301.00 ,,,,,,,
2009,Iowa,407058.00 ,72986.00 ,126267.00 ,88407.00 ,5594.00 ,113804.00 ,,,,,,,
2009,Kansas,356742.00 ,100193.00 ,0,106801.00 ,1684.00 ,148064.00 ,,,,,,,
2009,Kentucky,676858.00 ,1829.00 ,0,194242.00 ,0,480787.00 ,,,,,,,
2009,Louisiana,1106280.00 ,310526.00 ,176151.00 ,210070.00 ,9730.00 ,399803.00 ,,,,,,,
2009,Maine,224516.00 ,51326.00 ,47977.00 ,40231.00 ,2219.00 ,82763.00 ,,,,,,,
2009,Maryland,661861.00 ,186107.00 ,179847.00 ,139848.00 ,13215.00 ,142844.00 ,,,,,,,
2009,Massachusetts,1137836.00 ,230607.00 ,238835.00 ,151942.00 ,10806.00 ,505646.00 ,,,,,,,
2009,Michigan,1904247.00 ,417159.00 ,391554.00 ,230303.00 ,21606.00 ,843625.00 ,,,,,,,
2009,Minnesota,523593.00 ,112236.00 ,174775.00 ,128484.00 ,314.00 ,107784.00 ,,,,,,,
2009,Mississippi,626154.00 ,185973.00 ,106557.00 ,185579.00 ,6681.00 ,141364.00 ,,,,,,,
2009,Missouri,701696.00 ,202797.00 ,181662.00 ,192166.00 ,13136.00 ,111935.00 ,,,,,,,
2009,Montana,134753.00 ,46795.00 ,35882.00 ,24434.00 ,2925.00 ,24717.00 ,,,,,,,
2009,Nebraska,253928.00 ,58135.00 ,68664.00 ,57027.00 ,3042.00 ,67060.00 ,,,,,,,
2009,Nevada,411507.00 ,86217.00 ,61507.00 ,71803.00 ,4704.00 ,187276.00 ,,,,,,,
2009,New Hampshire,142671.00 ,35035.00 ,29977.00 ,21245.00 ,3831.00 ,52583.00 ,,,,,,,
2009,New Jersey,995923.00 ,263197.00 ,318637.00 ,214063.00 ,9146.00 ,190880.00 ,,,,,,,
2009,New Mexico,366345.00 ,125348.00 ,72983.00 ,775.00 ,7667.00 ,159572.00 ,,,,,,,
2009,New York,3151121.00 ,1194992.00 ,673299.00 ,547631.00 ,33866.00 ,701333.00 ,,,,,,,
2009,North Carolina,1233758.00 ,369743.00 ,324877.00 ,375162.00 ,21605.00 ,142371.00 ,,,,,,,
2009,North Dakota,115147.00 ,37707.00 ,26550.00 ,15078.00 ,2395.00 ,33417.00 ,,,,,,,
2009,Ohio,1434797.00 ,0,388161.00 ,296344.00 ,36369.00 ,713923.00 ,,,,,,,
2009,Oklahoma,689131.00 ,196953.00 ,202150.00 ,169334.00 ,30072.00 ,90622.00 ,,,,,,,
2009,Oregon,620026.00 ,147450.00 ,131406.00 ,111397.00 ,8044.00 ,221729.00 ,,,,,,,
2009,Pennsylvania,1697260.00 ,524765.00 ,428999.00 ,338883.00 ,30545.00 ,374068.00 ,,,,,,,
2009,Rhode Island,201592.00 ,54307.00 ,36608.00 ,27277.00 ,3596.00 ,79804.00 ,,,,,,,
2009,South Carolina,731069.00 ,205034.00 ,179122.00 ,205480.00 ,13038.00 ,128395.00 ,,,,,,,
2009,South Dakota,142853.00 ,44597.00 ,29397.00 ,21617.00 ,962.00 ,46280.00 ,,,,,,,
2009,Tennessee,834384.00 ,227557.00 ,213779.00 ,251895.00 ,19178.00 ,121975.00 ,,,,,,,
2009,Texas,4530442.00 ,1356940.00 ,815748.00 ,1335402.00 ,56696.00 ,965656.00 ,,,,,,,
2009,Utah,493245.00 ,58998.00 ,97098.00 ,95097.00 ,7641.00 ,234411.00 ,,,,,,,
2009,Vermont,95210.00 ,32600.00 ,21922.00 ,13751.00 ,2757.00 ,24180.00 ,,,,,,,
2009,Virginia,800865.00 ,225772.00 ,250377.00 ,211757.00 ,18669.00 ,94290.00 ,,,,,,,
2009,Washington,1237347.00 ,216535.00 ,215188.00 ,179980.00 ,7682.00 ,617962.00 ,,,,,,,
2009,West Virginia,345649.00 ,103263.00 ,0,71088.00 ,0,171298.00 ,,,,,,,
2009,Wisconsin,1210673.00 ,217610.00 ,198015.00 ,139227.00 ,5483.00 ,650338.00 ,,,,,,,
2009,Wyoming,95162.00 ,30411.00 ,21610.00 ,13112.00 ,2229.00 ,27800.00 ,,,,,,,
2010,United States,69739487.00 ,16527966.00 ,14184838.00 ,11856097.00 ,631753.00 ,26538833.00 ,,,,,,,
2010,Alabama,1113183.00 ,341896.00 ,252246.00 ,234167.00 ,16446.00 ,268428.00 ,,,,,,,
2010,Alaska,205129.00 ,45345.00 ,36745.00 ,33761.00 ,3002.00 ,86276.00 ,,,,,,,
2010,Arizona,1413662.00 ,339659.00 ,216364.00 ,266884.00 ,20067.00 ,570688.00 ,,,,,,,
2010,Arkansas,758055.00 ,188817.00 ,157031.00 ,162015.00 ,10765.00 ,239427.00 ,,,,,,,
2010,California,9161975.00 ,2269389.00 ,2901939.00 ,1655652.00 ,59624.00 ,2275371.00 ,,,,,,,
2010,Colorado,643311.00 ,200814.00 ,198694.00 ,137505.00 ,6713.00 ,99585.00 ,,,,,,,
2010,Connecticut,778965.00 ,163001.00 ,195541.00 ,92452.00 ,7674.00 ,320297.00 ,,,,,,,
2010,Delaware,180584.00 ,38259.00 ,28939.00 ,27490.00 ,4458.00 ,81438.00 ,,,,,,,
2010,District of Columbia,79475.00 ,32142.00 ,11628.00 ,16761.00 ,2528.00 ,16416.00 ,,,,,,,
2010,Florida,3986969.00 ,892532.00 ,857779.00 ,711351.00 ,40976.00 ,1484331.00 ,,,,,,,
2010,Georgia,2525349.00 ,625666.00 ,0,532314.00 ,0,1367369.00 ,,,,,,,
2010,Hawaii,333642.00 ,79000.00 ,41249.00 ,35374.00 ,3500.00 ,174519.00 ,,,,,,,
2010,Idaho,426092.00 ,63982.00 ,67785.00 ,67705.00 ,3632.00 ,222988.00 ,,,,,,,
2010,Illinois,3709020.00 ,782585.00 ,870275.00 ,458497.00 ,31680.00 ,1565983.00 ,,,,,,,
2010,Indiana,1462469.00 ,323222.00 ,272104.00 ,247014.00 ,10763.00 ,609366.00 ,,,,,,,
2010,Iowa,704782.00 ,96572.00 ,201453.00 ,96753.00 ,5655.00 ,304349.00 ,,,,,,,
2010,Kansas,652984.00 ,127033.00 ,0,113734.00 ,1997.00 ,410220.00 ,,,,,,,
2010,Kentucky,1007021.00 ,304168.00 ,0,213948.00 ,0,488905.00 ,,,,,,,
2010,Louisiana,1435877.00 ,365288.00 ,261888.00 ,227723.00 ,10200.00 ,570778.00 ,,,,,,,
2010,Maine,294349.00 ,78935.00 ,74523.00 ,38178.00 ,2017.00 ,100696.00 ,,,,,,,
2010,Maryland,972050.00 ,254248.00 ,280805.00 ,159327.00 ,11292.00 ,266378.00 ,,,,,,,
2010,Massachusetts,1045317.00 ,222431.00 ,358447.00 ,155039.00 ,12578.00 ,296822.00 ,,,,,,,
2010,Michigan,2206940.00 ,795961.00 ,389099.00 ,300130.00 ,24308.00 ,697442.00 ,,,,,,,
2010,Minnesota,1193088.00 ,167432.00 ,270084.00 ,144190.00 ,7039.00 ,604343.00 ,,,,,,,
2010,Mississippi,899422.00 ,191252.00 ,101952.00 ,197344.00 ,6102.00 ,402772.00 ,,,,,,,
2010,Missouri,1372364.00 ,185810.00 ,173275.00 ,223528.00 ,13699.00 ,776052.00 ,,,,,,,
2010,Montana,198388.00 ,63967.00 ,51490.00 ,27573.00 ,3029.00 ,52329.00 ,,,,,,,
2010,Nebraska,400693.00 ,70266.00 ,72514.00 ,63628.00 ,3908.00 ,190377.00 ,,,,,,,
2010,Nevada,345247.00 ,110623.00 ,98004.00 ,82026.00 ,5292.00 ,49302.00 ,,,,,,,
2010,New Hampshire,181245.00 ,44281.00 ,45984.00 ,24066.00 ,4480.00 ,62434.00 ,,,,,,,
2010,New Jersey,2370227.00 ,339507.00 ,484249.00 ,244416.00 ,10744.00 ,1291311.00 ,,,,,,,
2010,New Mexico,410125.00 ,146802.00 ,105724.00 ,1636.00 ,8328.00 ,147635.00 ,,,,,,,
2010,New York,3666123.00 ,1122012.00 ,680274.00 ,578290.00 ,20003.00 ,1265544.00 ,,,,,,,
2010,North Carolina,1790458.00 ,147245.00 ,143680.00 ,394068.00 ,0.00 ,1105465.00 ,,,,,,,
2010,North Dakota,230042.00 ,49259.00 ,37531.00 ,16503.00 ,2832.00 ,123917.00 ,,,,,,,
2010,Ohio,2210110.00 ,656110.00 ,570694.00 ,331641.00 ,35762.00 ,615903.00 ,,,,,,,
2010,Oklahoma,653360.00 ,188352.00 ,159619.00 ,189354.00 ,36905.00 ,79130.00 ,,,,,,,
2010,Oregon,777412.00 ,199194.00 ,188728.00 ,123514.00 ,7939.00 ,258037.00 ,,,,,,,
2010,Pennsylvania,2844524.00 ,704554.00 ,695639.00 ,370589.00 ,31453.00 ,1042289.00 ,,,,,,,
2010,Rhode Island,239453.00 ,64024.00 ,57795.00 ,29335.00 ,3324.00 ,84975.00 ,,,,,,,
2010,South Carolina,1054781.00 ,270769.00 ,239696.00 ,226371.00 ,13472.00 ,304473.00 ,,,,,,,
2010,South Dakota,182303.00 ,59373.00 ,49893.00 ,24046.00 ,1053.00 ,47938.00 ,,,,,,,
2010,Tennessee,1053987.00 ,326726.00 ,311339.00 ,272621.00 ,21698.00 ,121603.00 ,,,,,,,
2010,Texas,7522008.00 ,1686028.00 ,799012.00 ,1502023.00 ,55547.00 ,3479398.00 ,,,,,,,
2010,Utah,537477.00 ,76312.00 ,131536.00 ,108778.00 ,7444.00 ,213407.00 ,,,,,,,
2010,Vermont,163877.00 ,44598.00 ,35148.00 ,15751.00 ,2713.00 ,65667.00 ,,,,,,,
2010,Virginia,1411705.00 ,295787.00 ,346678.00 ,229541.00 ,19828.00 ,519871.00 ,,,,,,,
2010,Washington,1253425.00 ,260289.00 ,214259.00 ,202804.00 ,7450.00 ,568623.00 ,,,,,,,
2010,West Virginia,500784.00 ,128266.00 ,104697.00 ,71832.00 ,4231.00 ,191758.00 ,,,,,,,
2010,Wisconsin,1072543.00 ,262784.00 ,315715.00 ,161281.00 ,5348.00 ,327415.00 ,,,,,,,
2010,Wyoming,107116.00 ,35399.00 ,25095.00 ,15574.00 ,2255.00 ,28793.00 ,,,,,,,
2011,United States,69418418.00 ,16708355.00 ,13865086.00 ,12298014.00 ,606471.00 ,25940492.00 ,,,,,,,
2011,Alabama,1052052.00 ,287983.00 ,248468.00 ,233863.00 ,16606.00 ,265132.00 ,,,,,,,
2011,Alaska,239717.00 ,43899.00 ,29946.00 ,36038.00 ,2895.00 ,126939.00 ,,,,,,,
2011,Arizona,1227478.00 ,353185.00 ,215397.00 ,270204.00 ,18398.00 ,370294.00 ,,,,,,,
2011,Arkansas,790572.00 ,194179.00 ,146173.00 ,153680.00 ,8656.00 ,287884.00 ,,,,,,,
2011,California,9440619.00 ,2529281.00 ,2467209.00 ,1698041.00 ,59170.00 ,2686918.00 ,,,,,,,
2011,Colorado,886089.00 ,215474.00 ,206455.00 ,147721.00 ,6869.00 ,309570.00 ,,,,,,,
2011,Connecticut,757253.00 ,133927.00 ,169191.00 ,95461.00 ,7251.00 ,351423.00 ,,,,,,,
2011,Delaware,192182.00 ,37629.00 ,31856.00 ,30358.00 ,3336.00 ,89003.00 ,,,,,,,
2011,District of Columbia,146922.00 ,39933.00 ,10416.00 ,21666.00 ,2220.00 ,72687.00 ,,,,,,,
2011,Florida,4485385.00 ,972115.00 ,845792.00 ,756143.00 ,40792.00 ,1870543.00 ,,,,,,,
2011,Georgia,2188115.00 ,480713.00 ,281923.00 ,547276.00 ,19666.00 ,858537.00 ,,,,,,,
2011,Hawaii,291122.00 ,54333.00 ,50244.00 ,45171.00 ,3155.00 ,138219.00 ,,,,,,,
2011,Idaho,275190.00 ,59894.00 ,61277.00 ,68819.00 ,3415.00 ,81785.00 ,,,,,,,
2011,Illinois,2730536.00 ,781607.00 ,742391.00 ,464843.00 ,30154.00 ,711541.00 ,,,,,,,
2011,Indiana,1009857.00 ,230389.00 ,238376.00 ,254868.00 ,8698.00 ,277526.00 ,,,,,,,
2011,Iowa,570918.00 ,103709.00 ,156099.00 ,102462.00 ,6025.00 ,202623.00 ,,,,,,,
2011,Kansas,583398.00 ,124126.00 ,0.00 ,122674.00 ,1510.00 ,335088.00 ,,,,,,,
2011,Kentucky,1104480.00 ,295217.00 ,0.00 ,217232.00 ,0.00 ,592031.00 ,,,,,,,
2011,Louisiana,1389049.00 ,338985.00 ,251281.00 ,236812.00 ,10338.00 ,551633.00 ,,,,,,,
2011,Maine,268105.00 ,63408.00 ,72201.00 ,40780.00 ,2063.00 ,89653.00 ,,,,,,,
2011,Maryland,1218719.00 ,262561.00 ,291243.00 ,173340.00 ,11155.00 ,480420.00 ,,,,,,,
2011,Massachusetts,1146574.00 ,230314.00 ,270035.00 ,171487.00 ,11663.00 ,463075.00 ,,,,,,,
2011,Michigan,2328913.00 ,508194.00 ,395693.00 ,308768.00 ,24714.00 ,1091544.00 ,,,,,,,
2011,Minnesota,792248.00 ,176279.00 ,251448.00 ,153327.00 ,6931.00 ,204263.00 ,,,,,,,
2011,Mississippi,953136.00 ,201991.00 ,100968.00 ,201471.00 ,6154.00 ,442552.00 ,,,,,,,
2011,Missouri,1289901.00 ,205111.00 ,178124.00 ,212238.00 ,12865.00 ,681563.00 ,,,,,,,
2011,Montana,204931.00 ,59533.00 ,48404.00 ,29997.00 ,3046.00 ,63951.00 ,,,,,,,
2011,Nebraska,517219.00 ,71004.00 ,73024.00 ,68294.00 ,4025.00 ,300872.00 ,,,,,,,
2011,Nevada,425276.00 ,126543.00 ,92827.00 ,93046.00 ,4100.00 ,108760.00 ,,,,,,,
2011,New Hampshire,179366.00 ,47076.00 ,45812.00 ,25824.00 ,3870.00 ,56784.00 ,,,,,,,
2011,New Jersey,1265830.00 ,347882.00 ,472136.00 ,242118.00 ,9559.00 ,194135.00 ,,,,,,,
2011,New Mexico,390408.00 ,113226.00 ,114802.00 ,1398.00 ,7239.00 ,153743.00 ,,,,,,,
2011,New York,5084207.00 ,1567200.00 ,1113484.00 ,603377.00 ,20051.00 ,1780095.00 ,,,,,,,
2011,North Carolina,1891300.00 ,164579.00 ,165939.00 ,410294.00 ,0.00 ,1150488.00 ,,,,,,,
2011,North Dakota,139921.00 ,54344.00 ,36228.00 ,17534.00 ,2655.00 ,29160.00 ,,,,,,,
2011,Ohio,2425057.00 ,711750.00 ,553963.00 ,338939.00 ,36402.00 ,784003.00 ,,,,,,,
2011,Oklahoma,876158.00 ,187200.00 ,174950.00 ,193484.00 ,13308.00 ,307216.00 ,,,,,,,
2011,Oregon,812208.00 ,202519.00 ,175293.00 ,128250.00 ,7938.00 ,298208.00 ,,,,,,,
2011,Pennsylvania,3205422.00 ,685376.00 ,658508.00 ,377687.00 ,30577.00 ,1453274.00 ,,,,,,,
2011,Rhode Island,228507.00 ,64223.00 ,55876.00 ,31878.00 ,4437.00 ,72093.00 ,,,,,,,
2011,South Carolina,1038727.00 ,266295.00 ,218133.00 ,231795.00 ,12594.00 ,309910.00 ,,,,,,,
2011,South Dakota,193280.00 ,59917.00 ,38589.00 ,25069.00 ,1249.00 ,68456.00 ,,,,,,,
2011,Tennessee,1229786.00 ,348836.00 ,300326.00 ,283956.00 ,19744.00 ,276924.00 ,,,,,,,
2011,Texas,7304933.00 ,1605167.00 ,697515.00 ,1567442.00 ,54010.00 ,3380799.00 ,,,,,,,
2011,Utah,461620.00 ,69508.00 ,142731.00 ,115589.00 ,7094.00 ,126698.00 ,,,,,,,
2011,Vermont,97397.00 ,31659.00 ,21299.00 ,17261.00 ,2475.00 ,24703.00 ,,,,,,,
2011,Virginia,1301696.00 ,295530.00 ,347741.00 ,251683.00 ,18231.00 ,388511.00 ,,,,,,,
2011,Washington,1207754.00 ,270497.00 ,222646.00 ,213775.00 ,6936.00 ,493900.00 ,,,,,,,
2011,West Virginia,493033.00 ,115835.00 ,94840.00 ,76442.00 ,4533.00 ,201383.00 ,,,,,,,
2011,Wisconsin,945216.00 ,269861.00 ,252013.00 ,171194.00 ,5592.00 ,246556.00 ,,,,,,,
2011,Wyoming,140636.00 ,48359.00 ,35801.00 ,16945.00 ,2107.00 ,37424.00 ,,,,,,,
2012,United States,55191467.00 ,14692499.00 ,11368422.00 ,12960376.00 ,547311.00 ,15622859.00 ,,,,,,,
2012,Alabama,769404.00 ,243066.00 ,190123.00 ,240517.00 ,12768.00 ,82930.00 ,,,,,,,
2012,Alaska,184663.00 ,47780.00 ,34714.00 ,38692.00 ,2972.00 ,60505.00 ,,,,,,,
2012,Arizona,1038954.00 ,307531.00 ,173710.00 ,282438.00 ,16481.00 ,258794.00 ,,,,,,,
2012,Arkansas,627541.00 ,178822.00 ,124445.00 ,161271.00 ,8479.00 ,154524.00 ,,,,,,,
2012,California,8254345.00 ,2091193.00 ,1958986.00 ,1762788.00 ,49131.00 ,2392247.00 ,,,,,,,
2012,Colorado,609200.00 ,194112.00 ,151844.00 ,155965.00 ,6394.00 ,100885.00 ,,,,,,,
2012,Connecticut,464539.00 ,106124.00 ,122881.00 ,102850.00 ,6028.00 ,126656.00 ,,,,,,,
2012,Delaware,183793.00 ,40511.00 ,30457.00 ,33478.00 ,4169.00 ,75178.00 ,,,,,,,
2012,District of Columbia,109168.00 ,38970.00 ,9988.00 ,22688.00 ,2355.00 ,35167.00 ,,,,,,,
2012,Florida,2823935.00 ,855476.00 ,629884.00 ,796568.00 ,34994.00 ,507013.00 ,,,,,,,
2012,Georgia,1778983.00 ,539744.00 ,325450.00 ,582124.00 ,16431.00 ,315234.00 ,,,,,,,
2012,Hawaii,251188.00 ,59405.00 ,41724.00 ,51160.00 ,2779.00 ,96120.00 ,,,,,,,
2012,Idaho,249715.00 ,57131.00 ,51824.00 ,71876.00 ,3005.00 ,65879.00 ,,,,,,,
2012,Illinois,2285407.00 ,603081.00 ,631650.00 ,493872.00 ,25935.00 ,530869.00 ,,,,,,,
2012,Indiana,1084087.00 ,257801.00 ,238048.00 ,272834.00 ,8793.00 ,306611.00 ,,,,,,,
2012,Iowa,488465.00 ,94850.00 ,124912.00 ,109596.00 ,5822.00 ,153285.00 ,,,,,,,
2012,Kansas,379572.00 ,116250.00 ,0.00 ,129584.00 ,1795.00 ,131943.00 ,,,,,,,
2012,Kentucky,917781.00 ,252753.00 ,0.00 ,232954.00 ,0.00 ,432074.00 ,,,,,,,
2012,Louisiana,1413990.00 ,346885.00 ,233109.00 ,247686.00 ,0.00 ,586310.00 ,,,,,,,
2012,Maine,214191.00 ,52410.00 ,49887.00 ,42324.00 ,1997.00 ,67573.00 ,,,,,,,
2012,Maryland,792753.00 ,200576.00 ,215933.00 ,191492.00 ,8938.00 ,175814.00 ,,,,,,,
2012,Massachusetts,936645.00 ,225589.00 ,272815.00 ,178471.00 ,11993.00 ,247777.00 ,,,,,,,
2012,Michigan,1681725.00 ,479897.00 ,385140.00 ,340297.00 ,21496.00 ,454895.00 ,,,,,,,
2012,Minnesota,670947.00 ,152121.00 ,172984.00 ,162366.00 ,6101.00 ,177375.00 ,,,,,,,
2012,Mississippi,744679.00 ,210924.00 ,116454.00 ,210793.00 ,6254.00 ,200254.00 ,,,,,,,
2012,Missouri,944919.00 ,234311.00 ,169088.00 ,239318.00 ,13276.00 ,288926.00 ,,,,,,,
2012,Montana,149145.00 ,54508.00 ,36219.00 ,30976.00 ,3170.00 ,24272.00 ,,,,,,,
2012,Nebraska,320639.00 ,67861.00 ,46449.00 ,74547.00 ,3021.00 ,128761.00 ,,,,,,,
2012,Nevada,372561.00 ,108052.00 ,75635.00 ,100653.00 ,5329.00 ,82892.00 ,,,,,,,
2012,New Hampshire,179618.00 ,43208.00 ,36193.00 ,26998.00 ,3537.00 ,69682.00 ,,,,,,,
2012,New Jersey,1352123.00 ,293448.00 ,365859.00 ,271261.00 ,8264.00 ,413291.00 ,,,,,,,
2012,New Mexico,348343.00 ,105762.00 ,80561.00 ,1777.00 ,4836.00 ,155407.00 ,,,,,,,
2012,New York,3717496.00 ,1227933.00 ,766360.00 ,636283.00 ,20979.00 ,1065941.00 ,,,,,,,
2012,North Carolina,1641904.00 ,53004.00 ,17837.00 ,442100.00 ,0.00 ,1128963.00 ,,,,,,,
2012,North Dakota,118914.00 ,45535.00 ,30163.00 ,20040.00 ,2542.00 ,20634.00 ,,,,,,,
2012,Ohio,1899856.00 ,610876.00 ,417813.00 ,369526.00 ,33856.00 ,467785.00 ,,,,,,,
2012,Oklahoma,683540.00 ,199257.00 ,152485.00 ,202496.00 ,15302.00 ,114000.00 ,,,,,,,
2012,Oregon,529001.00 ,178427.00 ,135666.00 ,136182.00 ,6670.00 ,72056.00 ,,,,,,,
2012,Pennsylvania,1959584.00 ,654995.00 ,493669.00 ,393015.00 ,26197.00 ,391708.00 ,,,,,,,
2012,Rhode Island,199284.00 ,55609.00 ,42610.00 ,35028.00 ,4329.00 ,61708.00 ,,,,,,,
2012,South Carolina,845371.00 ,250013.00 ,178952.00 ,247028.00 ,10447.00 ,158931.00 ,,,,,,,
2012,South Dakota,129891.00 ,53295.00 ,29891.00 ,26374.00 ,1303.00 ,19028.00 ,,,,,,,
2012,Tennessee,1218880.00 ,298710.00 ,253198.00 ,330755.00 ,18265.00 ,317952.00 ,,,,,,,
2012,Texas,5592373.00 ,1380135.00 ,785076.00 ,1542389.00 ,53238.00 ,1831535.00 ,,,,,,,
2012,Utah,386172.00 ,58497.00 ,110668.00 ,119896.00 ,6950.00 ,90161.00 ,,,,,,,
2012,Vermont,117165.00 ,34740.00 ,26887.00 ,19640.00 ,2565.00 ,33333.00 ,,,,,,,
2012,Virginia,1237669.00 ,299611.00 ,310071.00 ,274343.00 ,18196.00 ,335448.00 ,,,,,,,
2012,Washington,890243.00 ,247753.00 ,234899.00 ,224679.00 ,7164.00 ,175748.00 ,,,,,,,
2012,West Virginia,414617.00 ,110733.00 ,84635.00 ,84389.00 ,4796.00 ,130064.00 ,,,,,,,
2012,Wisconsin,855057.00 ,231136.00 ,167370.00 ,178016.00 ,5697.00 ,272838.00 ,,,,,,,
2012,Wyoming,131432.00 ,42088.00 ,33206.00 ,17983.00 ,2272.00 ,35883.00 ,,,,,,,
2013,United States,49890851.00 ,14347383.00 ,11126118.00 ,13757072.00 ,553338.00 ,10106940.00 ,,,,,,,
2013,Alabama,791188.00 ,258868.00 ,179262.00 ,259688.00 ,11209.00 ,82161.00 ,,,,,,,
2013,Alaska,153783.00 ,45915.00 ,33653.00 ,39695.00 ,2903.00 ,31617.00 ,,,,,,,
2013,Arizona,1012160.00 ,327711.00 ,171948.00 ,297479.00 ,18500.00 ,196522.00 ,,,,,,,
2013,Arkansas,533805.00 ,159928.00 ,108059.00 ,164375.00 ,8282.00 ,93161.00 ,,,,,,,
2013,California,7267395.00 ,1925686.00 ,1856367.00 ,1900927.00 ,51744.00 ,1532671.00 ,,,,,,,
2013,Colorado,591557.00 ,165974.00 ,148927.00 ,179335.00 ,6482.00 ,90839.00 ,,,,,,,
2013,Connecticut,394015.00 ,106264.00 ,120954.00 ,105790.00 ,6781.00 ,54226.00 ,,,,,,,
2013,Delaware,151096.00 ,39584.00 ,29998.00 ,35946.00 ,3551.00 ,42017.00 ,,,,,,,
2013,District of Columbia,96331.00 ,32760.00 ,13622.00 ,22088.00 ,2527.00 ,25334.00 ,,,,,,,
2013,Florida,2800189.00 ,831959.00 ,612542.00 ,844914.00 ,33906.00 ,476868.00 ,,,,,,,
2013,Georgia,1730719.00 ,533708.00 ,318715.00 ,606230.00 ,16746.00 ,255320.00 ,,,,,,,
2013,Hawaii,214457.00 ,46636.00 ,38832.00 ,43837.00 ,2225.00 ,82927.00 ,,,,,,,
2013,Idaho,225524.00 ,55378.00 ,52151.00 ,72164.00 ,2956.00 ,42875.00 ,,,,,,,
2013,Illinois,2152219.00 ,653880.00 ,577444.00 ,525342.00 ,29280.00 ,366273.00 ,,,,,,,
2013,Indiana,963310.00 ,246005.00 ,247954.00 ,274873.00 ,7402.00 ,187076.00 ,,,,,,,
2013,Iowa,440194.00 ,94476.00 ,120860.00 ,116672.00 ,5583.00 ,102603.00 ,,,,,,,
2013,Kansas,397551.00 ,116339.00 ,0.00 ,134532.00 ,1783.00 ,144897.00 ,,,,,,,
2013,Kentucky,800525.00 ,246614.00 ,0.00 ,249997.00 ,0.00 ,303914.00 ,,,,,,,
2013,Louisiana,1131153.00 ,308268.00 ,164471.00 ,244366.00 ,10021.00 ,404027.00 ,,,,,,,
2013,Maine,184178.00 ,54591.00 ,48051.00 ,46654.00 ,2015.00 ,32867.00 ,,,,,,,
2013,Maryland,764760.00 ,193891.00 ,194734.00 ,199999.00 ,8636.00 ,167500.00 ,,,,,,,
2013,Massachusetts,775492.00 ,193305.00 ,258484.00 ,172798.00 ,10532.00 ,140373.00 ,,,,,,,
2013,Michigan,1450270.00 ,430918.00 ,399435.00 ,345806.00 ,21372.00 ,252739.00 ,,,,,,,
2013,Minnesota,596759.00 ,160212.00 ,167236.00 ,170706.00 ,6122.00 ,92483.00 ,,,,,,,
2013,Mississippi,663895.00 ,199595.00 ,121675.00 ,219573.00 ,5902.00 ,117150.00 ,,,,,,,
2013,Missouri,845908.00 ,221351.00 ,178917.00 ,247063.00 ,11973.00 ,186604.00 ,,,,,,,
2013,Montana,146180.00 ,55868.00 ,32987.00 ,32504.00 ,2708.00 ,22113.00 ,,,,,,,
2013,Nebraska,313324.00 ,90719.00 ,80090.00 ,76524.00 ,3024.00 ,62967.00 ,,,,,,,
2013,Nevada,364608.00 ,122587.00 ,71886.00 ,107101.00 ,5202.00 ,57832.00 ,,,,,,,
2013,New Hampshire,157359.00 ,40229.00 ,34652.00 ,28251.00 ,3771.00 ,50456.00 ,,,,,,,
2013,New Jersey,1124106.00 ,278479.00 ,351445.00 ,291644.00 ,8142.00 ,194396.00 ,,,,,,,
2013,New Mexico,385890.00 ,132259.00 ,96112.00 ,1812.00 ,8340.00 ,147367.00 ,,,,,,,
2013,New York,3263853.00 ,1029675.00 ,697546.00 ,736459.00 ,15111.00 ,785062.00 ,,,,,,,
2013,North Carolina,1416522.00 ,414121.00 ,331546.00 ,453557.00 ,0.00 ,217298.00 ,,,,,,,
2013,North Dakota,106959.00 ,41425.00 ,27852.00 ,20009.00 ,2366.00 ,15307.00 ,,,,,,,
2013,Ohio,1603665.00 ,522804.00 ,371850.00 ,395356.00 ,34811.00 ,278844.00 ,,,,,,,
2013,Oklahoma,631679.00 ,180445.00 ,137605.00 ,211394.00 ,12785.00 ,89450.00 ,,,,,,,
2013,Oregon,452641.00 ,152964.00 ,129986.00 ,133425.00 ,6649.00 ,29617.00 ,,,,,,,
2013,Pennsylvania,1857968.00 ,638642.00 ,425187.00 ,407675.00 ,27497.00 ,358967.00 ,,,,,,,
2013,Rhode Island,189028.00 ,49693.00 ,38933.00 ,37012.00 ,4237.00 ,59153.00 ,,,,,,,
2013,South Carolina,811341.00 ,240375.00 ,163777.00 ,256757.00 ,11997.00 ,138435.00 ,,,,,,,
2013,South Dakota,123663.00 ,47216.00 ,28721.00 ,27699.00 ,1322.00 ,18705.00 ,,,,,,,
2013,Tennessee,1118689.00 ,306052.00 ,226939.00 ,346295.00 ,20331.00 ,219072.00 ,,,,,,,
2013,Texas,5153911.00 ,1398515.00 ,822535.00 ,1723099.00 ,52981.00 ,1156781.00 ,,,,,,,
2013,Utah,376270.00 ,62811.00 ,103077.00 ,120332.00 ,4970.00 ,85080.00 ,,,,,,,
2013,Vermont,107854.00 ,33197.00 ,25403.00 ,22149.00 ,2471.00 ,24634.00 ,,,,,,,
2013,Virginia,974391.00 ,265469.00 ,268158.00 ,281650.00 ,17442.00 ,141672.00 ,,,,,,,
2013,Washington,842159.00 ,228812.00 ,223543.00 ,232037.00 ,6857.00 ,150910.00 ,,,,,,,
2013,West Virginia,368592.00 ,101482.00 ,70324.00 ,91573.00 ,4412.00 ,100801.00 ,,,,,,,
2013,Wisconsin,773070.00 ,229945.00 ,178705.00 ,183547.00 ,5552.00 ,175321.00 ,,,,,,,
2013,Wyoming,98696.00 ,33783.00 ,22968.00 ,18362.00 ,1927.00 ,21656.00 ,,,,,,,
2014,United States,48816213.00 ,13469407.00 ,10853117.00 ,14275850.00 ,517529.00 ,9700310.00 ,,,,,,,
2014,Alabama,774249.00 ,236706.00 ,170411.00 ,273753.00 ,11513.00 ,81866.00 ,,,,,,,
2014,Alaska,146915.00 ,46361.00 ,34573.00 ,40298.00 ,3497.00 ,22186.00 ,,,,,,,
2014,Arizona,961489.00 ,302161.00 ,154114.00 ,309185.00 ,15420.00 ,180609.00 ,,,,,,,
2014,Arkansas,517844.00 ,153634.00 ,121401.00 ,169641.00 ,7567.00 ,65601.00 ,,,,,,,
2014,California,6945098.00 ,1702383.00 ,1851890.00 ,1987189.00 ,49330.00 ,1354306.00 ,,,,,,,
2014,Colorado,580018.00 ,144992.00 ,148511.00 ,184173.00 ,5962.00 ,96380.00 ,,,,,,,
2014,Connecticut,375107.00 ,100062.00 ,116609.00 ,116835.00 ,5890.00 ,35711.00 ,,,,,,,
2014,Delaware,133055.00 ,40445.00 ,26495.00 ,31381.00 ,2874.00 ,31860.00 ,,,,,,,
2014,District of Columbia,98146.00 ,32958.00 ,13116.00 ,25850.00 ,2551.00 ,23671.00 ,,,,,,,
2014,Florida,2871503.00 ,789473.00 ,620673.00 ,905711.00 ,31601.00 ,524045.00 ,,,,,,,
2014,Georgia,1740907.00 ,523164.00 ,302818.00 ,632953.00 ,15749.00 ,266223.00 ,,,,,,,
2014,Hawaii,230208.00 ,50252.00 ,43178.00 ,60237.00 ,2776.00 ,73765.00 ,,,,,,,
2014,Idaho,222973.00 ,58409.00 ,49538.00 ,73575.00 ,3196.00 ,38255.00 ,,,,,,,
2014,Illinois,2181275.00 ,718119.00 ,528591.00 ,541991.00 ,24545.00 ,368029.00 ,,,,,,,
2014,Indiana,919619.00 ,226197.00 ,238797.00 ,291885.00 ,6109.00 ,156631.00 ,,,,,,,
2014,Iowa,439416.00 ,86719.00 ,120212.00 ,122253.00 ,5741.00 ,104491.00 ,,,,,,,
2014,Kansas,396455.00 ,103676.00 ,0.00 ,141454.00 ,1468.00 ,149857.00 ,,,,,,,
2014,Kentucky,766281.00 ,222779.00 ,0.00 ,265060.00 ,0.00 ,278442.00 ,,,,,,,
2014,Louisiana,1177504.00 ,271304.00 ,155582.00 ,250646.00 ,8844.00 ,491128.00 ,,,,,,,
2014,Maine,174005.00 ,53097.00 ,46919.00 ,44345.00 ,2033.00 ,27611.00 ,,,,,,,
2014,Maryland,760513.00 ,201769.00 ,184812.00 ,211501.00 ,8766.00 ,153665.00 ,,,,,,,
2014,Massachusetts,753452.00 ,182683.00 ,246358.00 ,188947.00 ,12262.00 ,123202.00 ,,,,,,,
2014,Michigan,1389191.00 ,392556.00 ,378148.00 ,351213.00 ,18519.00 ,248755.00 ,,,,,,,
2014,Minnesota,586621.00 ,148297.00 ,165055.00 ,177991.00 ,5748.00 ,89530.00 ,,,,,,,
2014,Mississippi,621094.00 ,179051.00 ,112886.00 ,225959.00 ,6598.00 ,96600.00 ,,,,,,,
2014,Missouri,842090.00 ,231823.00 ,170500.00 ,253545.00 ,11131.00 ,175091.00 ,,,,,,,
2014,Montana,145040.00 ,54995.00 ,34928.00 ,33584.00 ,2599.00 ,18934.00 ,,,,,,,
2014,Nebraska,277516.00 ,59276.00 ,72356.00 ,82189.00 ,2549.00 ,61146.00 ,,,,,,,
2014,Nevada,358878.00 ,109361.00 ,72149.00 ,113028.00 ,4909.00 ,59431.00 ,,,,,,,
2014,New Hampshire,156461.00 ,37999.00 ,30870.00 ,29381.00 ,3325.00 ,54886.00 ,,,,,,,
2014,New Jersey,1127706.00 ,280116.00 ,337727.00 ,309619.00 ,8420.00 ,191824.00 ,,,,,,,
2014,New Mexico,334086.00 ,98072.00 ,82863.00 ,1583.00 ,6079.00 ,145489.00 ,,,,,,,
2014,New York,3301676.00 ,1038819.00 ,714394.00 ,760940.00 ,16792.00 ,770731.00 ,,,,,,,
2014,North Carolina,1377997.00 ,418285.00 ,325877.00 ,464517.00 ,0.00 ,169318.00 ,,,,,,,
2014,North Dakota,118176.00 ,36703.00 ,26101.00 ,20900.00 ,1896.00 ,32576.00 ,,,,,,,
2014,Ohio,1579773.00 ,546026.00 ,357508.00 ,376285.00 ,33204.00 ,266750.00 ,,,,,,,
2014,Oklahoma,615556.00 ,164238.00 ,135575.00 ,209204.00 ,10803.00 ,95736.00 ,,,,,,,
2014,Oregon,503813.00 ,155648.00 ,119243.00 ,134654.00 ,6096.00 ,88172.00 ,,,,,,,
2014,Pennsylvania,1658381.00 ,511921.00 ,400746.00 ,418955.00 ,25182.00 ,301577.00 ,,,,,,,
2014,Rhode Island,182048.00 ,45475.00 ,37409.00 ,38751.00 ,3904.00 ,56509.00 ,,,,,,,
2014,South Carolina,810546.00 ,217267.00 ,181528.00 ,258397.00 ,10237.00 ,143117.00 ,,,,,,,
2014,South Dakota,124889.00 ,45054.00 ,30723.00 ,29219.00 ,1470.00 ,18423.00 ,,,,,,,
2014,Tennessee,1057858.00 ,279782.00 ,216829.00 ,354200.00 ,17906.00 ,189141.00 ,,,,,,,
2014,Texas,5102956.00 ,1276550.00 ,821125.00 ,1779568.00 ,48593.00 ,1177120.00 ,,,,,,,
2014,Utah,352224.00 ,64063.00 ,92222.00 ,122067.00 ,5333.00 ,68539.00 ,,,,,,,
2014,Vermont,97144.00 ,29839.00 ,23313.00 ,23728.00 ,2239.00 ,18025.00 ,,,,,,,
2014,Virginia,886627.00 ,230847.00 ,262263.00 ,292139.00 ,16922.00 ,84456.00 ,,,,,,,
2014,Washington,822842.00 ,218169.00 ,211912.00 ,240879.00 ,7561.00 ,144321.00 ,,,,,,,
2014,West Virginia,338191.00 ,95340.00 ,69634.00 ,95024.00 ,4298.00 ,73895.00 ,,,,,,,
2014,Wisconsin,783789.00 ,220945.00 ,172271.00 ,190219.00 ,5319.00 ,195035.00 ,,,,,,,
2014,Wyoming,97012.00 ,35547.00 ,22364.00 ,19249.00 ,2203.00 ,17649.00 ,,,,,,,
2015,United States,48862983.00 ,13167192.00 ,10821981.00 ,15018241.00 ,538759.00 ,9316810.00 ,,,,,,,
2015,Alabama,778269.00 ,227500.00 ,172822.00 ,285061.00 ,11382.00 ,81504.00 ,,,,,,,
2015,Alaska,155447.00 ,46570.00 ,34841.00 ,46057.00 ,3381.00 ,24598.00 ,,,,,,,
2015,Arizona,924722.00 ,301180.00 ,150378.00 ,313944.00 ,18621.00 ,140599.00 ,,,,,,,
2015,Arkansas,540182.00 ,162129.00 ,128707.00 ,176957.00 ,7128.00 ,65261.00 ,,,,,,,
2015,California,7080540.00 ,1787665.00 ,1842851.00 ,2049163.00 ,56939.00 ,1343922.00 ,,,,,,,
2015,Colorado,599803.00 ,153410.00 ,145670.00 ,193135.00 ,6242.00 ,101346.00 ,,,,,,,
2015,Connecticut,385418.00 ,106353.00 ,116381.00 ,121531.00 ,5886.00 ,35267.00 ,,,,,,,
2015,Delaware,137544.00 ,42171.00 ,29449.00 ,42088.00 ,3288.00 ,20548.00 ,,,,,,,
2015,District of Columbia,94570.00 ,27631.00 ,12770.00 ,24534.00 ,2128.00 ,27507.00 ,,,,,,,
2015,Florida,2860217.00 ,787571.00 ,610683.00 ,958519.00 ,34697.00 ,468747.00 ,,,,,,,
2015,Georgia,1763671.00 ,541220.00 ,308972.00 ,670441.00 ,16771.00 ,226267.00 ,,,,,,,
2015,Hawaii,208866.00 ,41788.00 ,42408.00 ,61209.00 ,2164.00 ,61297.00 ,,,,,,,
2015,Idaho,223174.00 ,57927.00 ,50613.00 ,75474.00 ,3179.00 ,35981.00 ,,,,,,,
2015,Illinois,2136384.00 ,625703.00 ,539106.00 ,582576.00 ,27018.00 ,361981.00 ,,,,,,,
2015,Indiana,913691.00 ,233943.00 ,225190.00 ,305827.00 ,5658.00 ,143073.00 ,,,,,,,
2015,Iowa,441190.00 ,88422.00 ,123758.00 ,128123.00 ,5712.00 ,95175.00 ,,,,,,,
2015,Kansas,447103.00 ,108748.00 ,0.00 ,146688.00 ,1370.00 ,190297.00 ,,,,,,,
2015,Kentucky,780457.00 ,220682.00 ,0.00 ,281578.00 ,0.00 ,278197.00 ,,,,,,,
2015,Louisiana,1138119.00 ,271201.00 ,160732.00 ,255364.00 ,9023.00 ,441799.00 ,,,,,,,
2015,Maine,173027.00 ,48320.00 ,49767.00 ,46240.00 ,1958.00 ,26742.00 ,,,,,,,
2015,Maryland,764206.00 ,192341.00 ,187844.00 ,229280.00 ,8741.00 ,146000.00 ,,,,,,,
2015,Massachusetts,737649.00 ,194467.00 ,246743.00 ,200914.00 ,11106.00 ,84419.00 ,,,,,,,
2015,Michigan,1409053.00 ,413254.00 ,376732.00 ,364751.00 ,19146.00 ,235170.00 ,,,,,,,
2015,Minnesota,580848.00 ,135907.00 ,161463.00 ,190038.00 ,5554.00 ,87886.00 ,,,,,,,
2015,Mississippi,631176.00 ,182833.00 ,113595.00 ,230442.00 ,6208.00 ,98098.00 ,,,,,,,
2015,Missouri,896028.00 ,224727.00 ,173067.00 ,261576.00 ,11730.00 ,224928.00 ,,,,,,,
2015,Montana,146263.00 ,54120.00 ,34926.00 ,35121.00 ,2653.00 ,19443.00 ,,,,,,,
2015,Nebraska,300856.00 ,83536.00 ,71557.00 ,83711.00 ,3251.00 ,58801.00 ,,,,,,,
2015,Nevada,368677.00 ,116459.00 ,69718.00 ,116573.00 ,5184.00 ,60743.00 ,,,,,,,
2015,New Hampshire,159417.00 ,39991.00 ,30570.00 ,29284.00 ,3192.00 ,56380.00 ,,,,,,,
2015,New Jersey,1128148.00 ,271490.00 ,342783.00 ,328249.00 ,9165.00 ,176461.00 ,,,,,,,
2015,New Mexico,346169.00 ,112697.00 ,88753.00 ,4551.00 ,7985.00 ,132183.00 ,,,,,,,
2015,New York,2810125.00 ,620076.00 ,665729.00 ,798913.00 ,15177.00 ,710230.00 ,,,,,,,
2015,North Carolina,1393079.00 ,437535.00 ,316143.00 ,493993.00 ,0.00 ,145408.00 ,,,,,,,
2015,North Dakota,105779.00 ,35794.00 ,27287.00 ,25200.00 ,0.00 ,17498.00 ,,,,,,,
2015,Ohio,1557015.00 ,520761.00 ,374425.00 ,407326.00 ,31810.00 ,222693.00 ,,,,,,,
2015,Oklahoma,610640.00 ,155357.00 ,138252.00 ,216519.00 ,10753.00 ,89759.00 ,,,,,,,
2015,Oregon,559072.00 ,161191.00 ,122985.00 ,152468.00 ,5912.00 ,116516.00 ,,,,,,,
2015,Pennsylvania,1716943.00 ,524345.00 ,396484.00 ,458396.00 ,24588.00 ,313130.00 ,,,,,,,
2015,Rhode Island,179749.00 ,50660.00 ,37136.00 ,39704.00 ,4432.00 ,47817.00 ,,,,,,,
2015,South Carolina,834339.00 ,222147.00 ,177057.00 ,271427.00 ,10844.00 ,152864.00 ,,,,,,,
2015,South Dakota,122633.00 ,42192.00 ,30446.00 ,30488.00 ,1338.00 ,18169.00 ,,,,,,,
2015,Tennessee,1073032.00 ,272651.00 ,222129.00 ,402670.00 ,20219.00 ,155363.00 ,,,,,,,
2015,Texas,5249061.00 ,1331773.00 ,824628.00 ,1853534.00 ,53051.00 ,1186075.00 ,,,,,,,
2015,Utah,366870.00 ,60600.00 ,93380.00 ,127541.00 ,5958.00 ,79391.00 ,,,,,,,
2015,Vermont,99745.00 ,31091.00 ,23687.00 ,25083.00 ,2530.00 ,17354.00 ,,,,,,,
2015,Virginia,875699.00 ,230387.00 ,249074.00 ,298981.00 ,16590.00 ,80667.00 ,,,,,,,
2015,Washington,846232.00 ,225668.00 ,216197.00 ,249872.00 ,7238.00 ,147257.00 ,,,,,,,
2015,West Virginia,348793.00 ,93361.00 ,68096.00 ,107578.00 ,4304.00 ,75454.00 ,,,,,,,
2015,Wisconsin,761296.00 ,211852.00 ,171536.00 ,200176.00 ,5085.00 ,172647.00 ,,,,,,,
2015,Wyoming,101997.00 ,37795.00 ,24461.00 ,19373.00 ,2470.00 ,17898.00 ,,,,,,,
2016,United States,49761447.00 ,13555337.00 ,11001340.00 ,15740570.00 ,538375.00 ,8925825.00 ,,,,,,,
2016,Alabama,787615.00 ,227474.00 ,170794.00 ,307333.00 ,11414.00 ,70600.00 ,,,,,,,
2016,Alaska,169449.00 ,43804.00 ,33465.00 ,47401.00 ,3297.00 ,41482.00 ,,,,,,,
2016,Arizona,1002365.00 ,307313.00 ,149127.00 ,326987.00 ,17136.00 ,201802.00 ,,,,,,,
2016,Arkansas,560541.00 ,156662.00 ,129960.00 ,186290.00 ,7045.00 ,80584.00 ,,,,,,,
2016,California,7209972.00 ,1798207.00 ,1821108.00 ,2155602.00 ,55153.00 ,1379902.00 ,,,,,,,
2016,Colorado,615376.00 ,151971.00 ,149483.00 ,200379.00 ,6887.00 ,106656.00 ,,,,,,,
2016,Connecticut,410180.00 ,109632.00 ,113947.00 ,134447.00 ,6148.00 ,46006.00 ,,,,,,,
2016,Delaware,134412.00 ,40942.00 ,28148.00 ,45629.00 ,3626.00 ,16067.00 ,,,,,,,
2016,District of Columbia,113574.00 ,29450.00 ,9053.00 ,25496.00 ,2358.00 ,47217.00 ,,,,,,,
2016,Florida,2896003.00 ,808874.00 ,606538.00 ,1032186.00 ,35246.00 ,413159.00 ,,,,,,,
2016,Georgia,1742259.00 ,534973.00 ,322793.00 ,700200.00 ,15481.00 ,168812.00 ,,,,,,,
2016,Hawaii,203936.00 ,51530.00 ,42338.00 ,59215.00 ,2538.00 ,48315.00 ,,,,,,,
2016,Idaho,226873.00 ,56686.00 ,48106.00 ,78464.00 ,3155.00 ,40462.00 ,,,,,,,
2016,Illinois,2214794.00 ,681879.00 ,541196.00 ,590095.00 ,25571.00 ,376053.00 ,,,,,,,
2016,Indiana,936380.00 ,236462.00 ,228156.00 ,314344.00 ,6378.00 ,151040.00 ,,,,,,,
2016,Iowa,449442.00 ,91089.00 ,124868.00 ,133475.00 ,4698.00 ,95312.00 ,,,,,,,
2016,Kansas,423737.00 ,108074.00 ,0.00 ,149338.00 ,1439.00 ,164886.00 ,,,,,,,
2016,Kentucky,809912.00 ,222318.00 ,147111.00 ,315416.00 ,0.00 ,118133.00 ,,,,,,,
2016,Louisiana,959815.00 ,249555.00 ,159292.00 ,272621.00 ,8850.00 ,269497.00 ,,,,,,,
2016,Maine,176018.00 ,50600.00 ,49707.00 ,47578.00 ,2091.00 ,26042.00 ,,,,,,,
2016,Maryland,742247.00 ,199198.00 ,194929.00 ,251762.00 ,7171.00 ,89187.00 ,,,,,,,
2016,Massachusetts,723624.00 ,192352.00 ,246427.00 ,197065.00 ,11961.00 ,75819.00 ,,,,,,,
2016,Michigan,1380529.00 ,378384.00 ,368095.00 ,373982.00 ,18004.00 ,242064.00 ,,,,,,,
2016,Minnesota,585831.00 ,131500.00 ,159597.00 ,200339.00 ,5954.00 ,88441.00 ,,,,,,,
2016,Mississippi,639752.00 ,192037.00 ,112135.00 ,240390.00 ,5883.00 ,89307.00 ,,,,,,,
2016,Missouri,869692.00 ,233947.00 ,171810.00 ,272621.00 ,12405.00 ,178909.00 ,,,,,,,
2016,Montana,148759.00 ,52316.00 ,32958.00 ,37713.00 ,2683.00 ,23089.00 ,,,,,,,
2016,Nebraska,301822.00 ,91063.00 ,75080.00 ,87529.00 ,3507.00 ,44643.00 ,,,,,,,
2016,Nevada,372069.00 ,120606.00 ,64176.00 ,127559.00 ,5245.00 ,54483.00 ,,,,,,,
2016,New Hampshire,161942.00 ,40052.00 ,31360.00 ,29401.00 ,3448.00 ,57681.00 ,,,,,,,
2016,New Jersey,1162684.00 ,289445.00 ,358342.00 ,316292.00 ,7878.00 ,190727.00 ,,,,,,,
2016,New Mexico,351154.00 ,112519.00 ,71677.00 ,1951.00 ,4364.00 ,160643.00 ,,,,,,,
2016,New York,3324025.00 ,1033004.00 ,697718.00 ,846348.00 ,18145.00 ,728810.00 ,,,,,,,
2016,North Carolina,1388076.00 ,421247.00 ,317206.00 ,518852.00 ,0.00 ,130771.00 ,,,,,,,
2016,North Dakota,110499.00 ,35717.00 ,29052.00 ,26948.00 ,73.00 ,18709.00 ,,,,,,,
2016,Ohio,1558834.00 ,485088.00 ,365495.00 ,424250.00 ,32560.00 ,251441.00 ,,,,,,,
2016,Oklahoma,611555.00 ,158650.00 ,134779.00 ,231140.00 ,12294.00 ,74692.00 ,,,,,,,
2016,Oregon,564326.00 ,150273.00 ,125961.00 ,158825.00 ,6298.00 ,122969.00 ,,,,,,,
2016,Pennsylvania,1743057.00 ,496672.00 ,418401.00 ,489343.00 ,26923.00 ,311718.00 ,,,,,,,
2016,Rhode Island,170568.00 ,44748.00 ,39346.00 ,40156.00 ,4556.00 ,41762.00 ,,,,,,,
2016,South Carolina,838814.00 ,222254.00 ,173818.00 ,286205.00 ,10860.00 ,145677.00 ,,,,,,,
2016,South Dakota,122839.00 ,43698.00 ,30649.00 ,31680.00 ,1202.00 ,15610.00 ,,,,,,,
2016,Tennessee,1046777.00 ,289968.00 ,226684.00 ,423820.00 ,15937.00 ,90368.00 ,,,,,,,
2016,Texas,5380410.00 ,1286933.00 ,817136.00 ,1916426.00 ,50338.00 ,1309577.00 ,,,,,,,
2016,Utah,348846.00 ,61731.00 ,98705.00 ,127529.00 ,6835.00 ,54046.00 ,,,,,,,
2016,Vermont,109465.00 ,31630.00 ,25116.00 ,25896.00 ,2358.00 ,24465.00 ,,,,,,,
2016,Virginia,910631.00 ,232425.00 ,251152.00 ,331475.00 ,17058.00 ,78521.00 ,,,,,,,
2016,Washington,879635.00 ,245554.00 ,220609.00 ,256304.00 ,6784.00 ,150384.00 ,,,,,,,
2016,West Virginia,343157.00 ,91355.00 ,73854.00 ,119420.00 ,4820.00 ,53708.00 ,,,,,,,
2016,Wisconsin,730105.00 ,199475.00 ,170936.00 ,206747.00 ,5286.00 ,147661.00 ,,,,,,,
2016,Wyoming,97070.00 ,34001.00 ,22947.00 ,20106.00 ,2100.00 ,17916.00 ,,,,,,,